"序号","项目编号","货号","检测服务产品名称/检测内容","签收要求","审核要求
（N数量；M体积；T离体时间）","流转要求","流转数量","备注"
"1","RSPM2025034","LK292","OncoCompass®Plus血浆版","/","全血：
2ml＜M＜6ml，警戒
M≤2ml，不合格","/","/","/"
"2","RSPM2025033","LK291","OncoScreen®Plus组织版","/","一、切片：
N＞10张，合格需反馈
小组织切片：
5张＜N＜8张，警戒
N≤5张，不合格
大组织切片：
N≤2张，不合格
二、温控要求：0℃~30℃","/","≤10张","/"
"3","RSPM2025008","LK101","燃石朗克®组织版","/","切片：
N＞15张，合格需反馈
小组织切片：
5张＜N＜8张，警戒
N≤5张，不合格
大组织切片：
N≤2张，不合格","暂存等通知","≤15张","/"
"4","RSPM2025008","LK165","燃石朗克®血浆版","/","全血：
2ml＜M＜6ml，警戒
M≤2ml，不合格","/","/","/"
"5","RSPM2025001","LK294","OncoScreen®PlusCDx组织版","1、由实验室贴M码
2、申请单研究编号为D7080C00001","一、切片：
N＞15张，合格需反馈
N＜10张，不合格
二、样本/申请单受试者筛选号（E-code）/研究编号不一致，反馈并暂停","/","≤15张","/"
"6","RSPM2025001","LK292","OncoCompass®Plus血浆版","/","血浆/白细胞","暂存等通知","/","/"
"7","RSPM2025018","LK291","OncoScreen®Plus组织版","/","一、切片：
N＞10张，合格需反馈
小组织切片：
N＜8张，不合格
大组织切片：
N＜2张，不合格
二、组织样本共用要求：LK291和LK361共用1张HE片，使用LK361的白片制备HE","1、受试者无既往报告，前瞻性检测：路径a
2、受试者既往报告符合方案要求，回顾性检测：暂存等通知","≤10张","/"
"8","RSPM2025018","LK361","PD-L1(22c3)","/","一、切片：
N＞3张，合格需反馈
N＜2张，不合格
二、组织样本共用要求：LK291和LK361共用1张HE片，使用LK361的白片制备HE","暂存等通知","≤3张","/"
"9","RSPM2025018","LK292","OncoCompass®Plus血浆版","/","全血：
2ml＜M＜6ml，警戒
M≤2ml，不合格","/","/","/"
"10","RSPM2025021","LK291","OncoScreen®Plus组织版","/","切片（N含HE片）：
N＜1张，不合格","暂存等通知","按信息收集表要求","/"
"11","RSPM2025021","LK601","OncoRNA","/","切片（N含HE片）：
N＜1张，不合格","暂存等通知","按信息收集表要求","/"
"12","RSPM2025017","LK101","燃石朗克®组织版","/","切片（N含HE片）：
N＞10张，合格需反馈
小组织切片：
5张＜N＜8张，警戒
N≤5张，不合格
大组织切片：
N≤2张，不合格","1、到位即检：路径a
2、批量送检：暂存等通知","≤10张","/"
"13","RSPM2025017","LK167","燃石朗清®血浆版","/","全血：
2ml＜M＜6ml，警戒
M≤2ml，不合格","1、到位即检：路径a
2、批量送检：暂存等通知","/","/"
"14","RSPM2025010","LK291","OncoScreen®Plus组织版","1、由实验室贴M码
2、LK291与LK340共用样本，贴2个M码","一、切片（N含HE片）：
N含空白玻片或HE片，反馈并暂停
N＞10张，合格需反馈
小组织切片：
5张＜N＜8张，警戒
N≤5张，不合格
大组织切片：
N≤2张，不合格
二、组织样本共用要求：LK291与LK340共用样本，其中一单暂停，另一单同时暂停","/","≤10张","/"
"15","RSPM2025010","LK340","捕获转录组测序(Capture-WTS)","1、由实验室贴M码
2、LK291与LK340共用样本，贴2个M码","一、切片（N含HE片）：
N含空白玻片或HE片，反馈并暂停
N＞10张，合格需反馈
小组织切片：
5张＜N＜8张，警戒
N≤5张，不合格
大组织切片：
N≤2张，不合格
二、组织样本共用要求：LK291与LK340共用样本，其中一单暂停，另一单同时暂停","/","≤10张","/"
"16","RSPM2025010","LK292","OncoCompass®Plus血浆版","由实验室贴M码","一、全血：
2ml＜M＜6ml，警戒
M≤2ml，不合格
二、温控要求：15℃~25℃","/","/","/"
"17","RSPM2025007","LK528","OncoScreen®WES遗传版","/","全血：
M＜0.2ml，不合格","/","/","/"
"18","RSPM2025012","LK291","OncoScreen®Plus组织版","1、由实验室贴M码
2、LK291与LK340共用样本，贴2个M码","一、切片（N含HE片）：
N含空白玻片或HE片，反馈并暂停
N＞10张，合格需反馈
小组织切片：
5张＜N＜8张，警戒
N≤5张，不合格
大组织切片：
N≤2张，不合格
二、组织样本共用要求：LK291与LK340共用样本，其中一单暂停，另一单同时暂停
三、温控要求：0℃~30℃","/","≤10张","/"
"19","RSPM2025012","LK340","捕获转录组测序(Capture-WTS)","1、由实验室贴M码
2、LK291与LK340共用样本，贴2个M码","一、切片（N含HE片）：
N含空白玻片或HE片，反馈并暂停
N＞10张，合格需反馈
小组织切片：
5张＜N＜8张，警戒
N≤5张，不合格
大组织切片：
N≤2张，不合格
二、组织样本共用要求：LK291与LK340共用样本，其中一单暂停，另一单同时暂停
三、温控要求：0℃~30℃","/","≤10张","/"
"20","RSPM2025012","LK292","OncoCompass®Plus血浆版","由实验室贴M码","一、全血：
2ml＜M＜6ml，警戒
M≤2ml，不合格
二、温控要求：15℃~25℃","/","/","/"
"21","RSPM2024072","LK291","OncoScreen®Plus组织版","/","一、切片：
N＞10张，合格需反馈
小组织切片：
5张＜N＜8张，警戒
N≤5张，不合格
大组织切片：
N≤2张，不合格
二、温控要求：15℃~25℃","暂存等通知","≤10张","/"
"22","RSPM2024072","LK292","OncoCompass®Plus血浆版","/","温控要求：15℃~25℃","/","/","/"
"23","RSPM2024066","LK291","OncoScreen®Plus组织版","由实验室贴M码","切片：
N＞10张，合格需反馈
小组织切片：
5张＜N＜8张，警戒
N≤5张，不合格
大组织切片：
N≤2张，不合格","/","≤10张","/"
"24","RSPM2025019","LK101","燃石朗克®组织版","/","切片：
小组织切片：
N＜6张，不合格
大组织切片：
N＜4张，不合格","/","1、小组织切片：6张
2、大组织切片：4张","/"
"25","RSPM2024059","LK291","OncoScreen®Plus组织版","/","切片（N含HE片）：
N＞10张，合格需反馈
小组织切片：
5张＜N＜8张，警戒
N≤5张，不合格
大组织切片：
N≤2张，不合格","暂存等通知","≤10张","/"
"26","RSPM2024059","LK041","MAP-BR定制版","/","切片","暂存等通知","/","/"
"27","RSPM2024059","LK306","OncoCompass®Plus血浆版UMI","/","血浆/白细胞","暂存等通知","/","/"
"28","RSPM2024059","LK292","OncoCompass®Plus血浆版","/","血浆","暂存等通知","/","/"
"29","RSPM2025011","LK291","OncoScreen®Plus组织版","1、由实验室贴M码
2、LK291与LK340共用样本，贴2个M码","一、切片（N含HE片）：
N含空白玻片或HE片，反馈并暂停
N＞10张，合格需反馈
小组织切片：
5张＜N＜8张，警戒
N≤5张，不合格
大组织切片：
N≤2张，不合格
二、组织样本共用要求：LK291与LK340共用样本，其中一单暂停，另一单同时暂停","/","≤10张","/"
"30","RSPM2025011","LK340","捕获转录组测序(Capture-WTS)","1、由实验室贴M码
2、LK291与LK340共用样本，贴2个M码","一、切片（N含HE片）：
N含空白玻片或HE片，反馈并暂停
N＞10张，合格需反馈
小组织切片：
5张＜N＜8张，警戒
N≤5张，不合格
大组织切片：
N≤2张，不合格
二、组织样本共用要求：LK291与LK340共用样本，其中一单暂停，另一单同时暂停","/","≤10张","/"
"31","RSPM2025011","LK292","OncoCompass®Plus血浆版","由实验室贴M码","一、全血：
2ml＜M＜6ml，警戒
M≤2ml，不合格
二、温控要求：15℃~25℃","/","/","/"
"32","RSPM2025005","LK291","OncoScreen®Plus组织版","/","一、切片：
N＞10张，合格需反馈
小组织切片：
5张＜N＜8张，警戒
N≤5张，不合格
大组织切片：
N≤2张，不合格
二、组织样本共用要求：LK291和LK361共用1张HE片，使用LK291的白片制备HE","暂存等通知","≤10张","/"
"33","RSPM2025005","LK361","PD-L1(22c3)","/","一、切片：
N＞3张，合格需反馈
N＜2张，不合格
二、组织样本共用要求：LK291和LK361共用1张HE片，使用LK291的白片制备HE","暂存等通知","≤3张","/"
"34","RSPM2025005","LK292","OncoCompass®Plus血浆版","/","全血：
2ml＜M＜6ml，警戒
M≤2ml，不合格","/","/","/"
"35","RSPM2025009","LK291","OncoScreen®Plus组织版","1、由实验室贴M码
2、LK291与LK340共用样本，贴2个M码","一、切片（N含HE片）：
N含空白玻片或HE片，反馈并暂停
N＞10张，合格需反馈
小组织切片：
5张＜N＜8张，警戒
N≤5张，不合格
大组织切片：
N≤2张，不合格
二、组织样本共用要求：LK291与LK340共用样本，其中一单暂停，另一单同时暂停","/","≤10张","/"
"36","RSPM2025009","LK340","捕获转录组测序(Capture-WTS)","1、由实验室贴M码
2、LK291与LK340共用样本，贴2个M码","一、切片（N含HE片）：
N含空白玻片或HE片，反馈并暂停
N＞10张，合格需反馈
小组织切片：
5张＜N＜8张，警戒
N≤5张，不合格
大组织切片：
N≤2张，不合格
二、组织样本共用要求：LK291与LK340共用样本，其中一单暂停，另一单同时暂停","/","≤10张","/"
"37","RSPM2025009","LK292","OncoCompass®Plus血浆版","由实验室贴M码","一、全血：
2ml＜M＜6ml，警戒
M≤2ml，不合格
二、温控要求：15℃~25℃","/","/","/"
"38","RSPM2025006","LK101","燃石朗克®组织版","/","一、切片：
筛选期：N＞10张，不合格
疾病进展期：N＞15张，不合格
小组织切片：
5张＜N＜8张，警戒
N≤5张，不合格
大组织切片：
N≤2张，不合格
二、温控要求：10℃~30℃","暂存等通知","1、筛选期：≤10张
2、疾病进展期：≤15张","/"
"39","RSPM2025006","LK165","燃石朗克®血浆版","/","一、全血：
2ml＜M＜6ml，警戒
M≤2ml，不合格
二、温控要求：10~30℃","/","/","/"
"40","RSPM2024061","LK101","燃石朗克®组织版","/","切片：
N＞20张，不合格需反馈
小组织切片：
5张＜N＜8张，警戒
N≤5张，不合格
大组织切片：
N≤2张，不合格","筛选期：路径a","≤20张","/"
"41","RSPM2024061","LK165","燃石朗克®血浆版","筛选期送检两管血，未贴条码的一管贴临时标签","一、全血：
2ml＜M＜6ml，警戒
M≤2ml，不合格
二、非外部贴码样本申请单“是否生成报告”勾选为是，但系统默认录入为否，无需反馈","1、筛选期（C1D1给药前），外部贴码：路径a
2、其余访视节点，非外部贴码：暂存等通知","/","/"
"42","RSPM2025020","LK291","OncoScreen®Plus组织版","/","一、切片：
N＞10张，合格需反馈
小组织切片：
5张＜N＜8张，警戒
N≤5张，不合格
大组织切片：
N≤2张，不合格
二、温控要求：10℃~30℃","暂存等通知","≤10张","/"
"43","RSPM2025020","LK292","OncoCompass®Plus血浆版","/","一、全血：
2ml＜M＜6ml，警戒
M≤2ml，不合格
二、温控要求：10~30℃","/","/","/"
"44","RSPM2024001","LK380","TruSightOncology500DNA","/","切片：
N＞10张，合格需反馈
小组织切片：
5张＜N＜8张，警戒
N＜5张，不合格
大组织切片：
N＜5张，不合格","暂存等通知","≤10张","/"
"45","RSPM2024001","LK042","MAP-临床定制版","/","一、切片：
N≠3张，不合格
二、毛囊：
系统样本类型录入为新鲜组织
N≠1管，不合格","暂存等通知","1、切片：3张
2、毛囊：1管","/"
"46","RSPM2024001","LK292","OncoCompass®Plus血浆版","/","全血：
M＜6ml，不合格
N＞1管，不合格，不流转分离","暂存等通知","1管","/"
"47","RSPM2024001","LK296","OncoScreen®PlusCDx组织版","/","EDTA全血：
M＜6ml，不合格
N≠2管，不合格","暂存等通知，直接存放于-65℃~-90℃","2管","/"
"48","RSPM2025032","LK340","捕获转录组测序(Capture-WTS)","/","一、PAXgene全血：
M＜2.5ml，不合格
二、温控要求：干冰","暂存等通知，直接存放于-65℃~-90℃","/","/"
"49","RSPM2024076","LK525","OncoScreen®WES定制版","/","一、切片：
N＜1张，不合格
二、冰冻组织","暂存等通知","/","/"
"50","RSPM2024074","LK291","OncoScreen®Plus组织版","/","一、切片（N含HE片）：
N＜1张，不合格
二、组织样本共用要求：LK291与LK091共用样本
三、白细胞：
M＜0.2ml，不合格","暂存等通知","/","/"
"51","RSPM2024074","LK091","RNA提取","/","一、切片（N含HE片）：
N＜1张，不合格
二、组织样本共用要求：LK291与LK091共用样本","暂存等通知","/","/"
"52","RSPM2024074","LK292","OncoCompass®Plus血浆版","/","白细胞：
M＜0.2ml，不合格","暂存等通知","/","/"
"53","RSPM2024074","LK524","OncoScreen®WES定制版","/","白细胞：
M＜0.2ml，不合格","暂存等通知","/","/"
"54","RSPM2024074","LK167","燃石朗清®血浆版","/","/","暂存等通知","/","/"
"55","RSPM2024073","LK291","OncoScreen®Plus组织版","/","切片：
小组织切片：
N≥10张，合格需反馈
5张＜N≤7张，警戒
N≤5张，不合格
大组织切片：
N≥4张，合格需反馈
2张＜N＜4张，警戒
N≤2张，不合格","暂存等通知","1、小组织切片：
N≥10张：8张
7＜N＜10张：6张
5张＜N≤7张：全部流转
2、大组织切片：
N≥4张：2张
2张＜N＜4张：全部流转","/"
"56","RSPM2024073","LK292","OncoCompass®Plus血浆版","/","全血：
2ml＜M＜6ml，警戒
M≤2ml，不合格","1、康为管全血：路径b
2、EDTA全血：暂存等通知，直接存放于-15℃~-25℃","/","/"
"57","RSPM2024077","LK524","OncoScreen®WES定制版","/","一、切片（N含HE片）：
N＜2张，不合格
二、组织样本共用要求：LK524与LK091共用样本
三、白细胞：
M＜0.2ml，不合格","暂存等通知","按PM通知数量流转","/"
"58","RSPM2024077","LK091","RNA提取","/","一、切片（N含HE片）：
N＜2张，不合格
二、组织样本共用要求：LK524与LK091共用样本","暂存等通知","/","/"
"59","RSPM2024077","LK167","燃石朗清®血浆版","/","血浆/白细胞/DNA","暂存等通知","/","/"
"60","RSPM2024050","LK309","OncoScreen®Plus组织版","/","一、切片：
N＞15张，合格需反馈
小组织切片：
5张＜N＜10张，警戒
N≤5张，不合格
大组织切片：
2张＜N＜6张，警戒
N≤2张，不合格
二、暂存要求：2℃~8℃","/","1、小组织切片：10张
2、大组织切片：6张","/"
"61","RSPM2025027","LK030","KRAS","/","切片：
N＞8张，合格需反馈
5张≤N≤8张，警戒
N＜5张，不合格","暂存等通知","8张","/"
"62","RSPM2025004","LK291","OncoScreen®Plus组织版","/","一、切片：
N＞10张，合格需反馈
小组织切片：
5张＜N＜8张，警戒
N≤5张，不合格
大组织切片：
N≤2张，不合格
二、温控要求：0℃~30℃","/","≤10张","/"
"63","RSPM2025004","LK292","OncoCompass®Plus血浆版","/","一、全血：
N＞1管，不合格（分别贴标，按单管分离）
2ml＜M＜6ml，警戒
M≤2ml，不合格
二、温控要求：15℃~25℃","/","/","/"
"64","RSPM2024070","LK101","燃石朗克®组织版","/","切片：
N＞10张，不合格
小组织切片：
5张＜N＜8张，警戒
N≤5张，不合格
大组织切片：
N≤2张，不合格","/","≤10张","/"
"65","RSPM2024070","LK170","燃石朗清®组织版","/","切片：
N＞10张，不合格
小组织切片：
5张＜N＜8张，警戒
N≤5张，不合格
大组织切片：
N≤2张，不合格","暂存等通知","≤10张","/"
"66","RSPM2024070","LK167","燃石朗清®血浆版","/","一、全血：
M＜6ml，不合格
二、温控要求：15℃~25℃","/","/","/"
"67","RSPM2024022","LK290","OncoScreen®Plus遗传版","/","一、全血：
M＜0.2ml，不合格
二、温控要求：干冰","/","/","/"
"68","RSPM2024035","LK292","OncoCompass®Plus血浆版","/","全血：
2ml＜M＜6ml，警戒
M≤2ml，不合格","1、全血：路径b
2、血浆/DNA：暂存等通知","/","/"
"69","RSPM2024062","LK292","OncoCompass®Plus血浆版","/","全血：
2ml＜M＜6ml，警戒
M≤2ml，不合格","/","/","/"
"70","RSPM2024069","LK308","OncoScreen®Plus组织升级版","/","一、切片
小组织切片：
N≥8张，合格需反馈
5张＜N＜8张，警戒
N≤5张，不合格
大组织切片：
N≥3张，合格需反馈
N＜3张，不合格
二、蜡块：
N≠1块，不合格","暂存等通知","按PM通知数量流转","/"
"71","RSPM2025026","LK306","OncoCompass®Plus血浆版UMI","1、由实验室贴M码
2、申请单研究编号为D8930C00001","全血：
M＜6ml，不合格
采血管上无受试者筛选号或样本标记编号，不合格","/","/","/"
"72","RSPM2024052","LK308","OncoScreen®Plus组织升级版","/","切片（N含HE片）：
N＜1张，不合格","暂存等通知","/","/"
"73","RSPM2024052","LK091","RNA提取","/","切片（N含HE片）：
N＜1张，不合格","暂存等通知","/","/"
"74","RSPM2024052","LK292","OncoCompass®Plus血浆版","/","/","暂存等通知","/","/"
"75","RSPM2024065","LK190","燃石朗清®ProCDx血浆版","/","一、全血：
M＜5ml，不合格
二、如有以下情况，反馈并暂停：
（1）全血温控要求：6℃~30℃；血浆温控要求：-20℃以下
（2）样本寄送未加温控，需反馈
（3）接收及运输的温度范围外，需反馈。","/","/","/"
"76","RSPM2024065","LK194","燃石朗清®Pro血浆版UMI","/","一、全血：
M＜5ml，不合格
二、申请单“是否生成报告”勾选为是，但系统默认录入为否，无需反馈
三、如有以下情况，反馈并暂停：
（1）全血温控要求：6℃~30℃；血浆温控要求：-20℃以下
（2）样本寄送未加温控，需反馈
（3）接收及运输的温度范围外，需反馈。","暂存等通知","/","/"
"77","RSPM2024053","LK291","OncoScreen®Plus组织版","/","一、切片（N含HE片）：
N＞12张，合格需反馈
小组织切片：
5张＜N＜8张，警戒
N≤5张，不合格
大组织切片：
N≤2张，不合格
二、如有温控，温控要求：15℃-25℃","1、燃石申请单：暂存等通知；
2、艾德申请单：路径a","≤12张","/"
"78","RSPM2024053","LK527","OncoScreen®WES","/","一、切片（N含HE片）：
N＞12张，合格需反馈
小组织切片：
5张＜N＜8张，警戒
N≤5张，不合格
大组织切片：
N≤2张，不合格
二、如有温控，温控要求：15℃-25℃","暂存等通知","≤12张","/"
"79","RSPM2024053","LK292","OncoCompass®Plus血浆版","/","一、全血：
2ml＜M＜6ml，警戒
M≤2ml，不合格
二、白细胞：
M＜0.2ml，不合格
三、如有温控，
全血温控要求：15℃-25℃
血浆/白细胞温控要求：-20℃以下","1、全血：路径b
2、血浆/白细胞：暂存等通知","/","/"
"80","RSPM2024046","LK524","OncoScreen®WES定制版","/","一、切片（N含HE片）：
N＜1张，不合格
二、DNA","暂存等通知","/","/"
"81","RSPM2024046","LK091","RNA提取","/","一、切片（N含HE片）：
N＜1张，不合格
二、DNA","暂存等通知","/","/"
"82","RSPM2024046","LK292","OncoCompass®Plus血浆版","/","一、白细胞：
M＜0.2ml，不合格
二、 血浆/DNA","暂存等通知","/","/"
"83","RSPM2024057","LK262","燃石朗克®CDx组织版","/","切片（N含HE片）：
N＞10张，合格需反馈
小组织切片：
N＜5张，不合格
大组织切片：
N＜2张，不合格","/","≤10张","/"
"84","RSPM2023063","LK533","燃卫宁®RNA","/","一、切片：
N＞10张，合格需反馈
小组织切片：
5张＜N＜8张，警戒
N≤5张，不合格
大组织切片：
N≤2张，不合格
二、骨髓：
M＜3ml，不合格
三、温控要求：
切片：5℃~25℃
骨髓：2℃~8℃","1、切片：暂存等通知
2、骨髓：路径b","≤10张","/"
"85","RSPM2023063","LK531","燃卫宁®DNA","/","一、切片：
N＞10张，合格需反馈
小组织切片：
5张＜N＜8张，警戒
N≤5张，不合格
大组织切片：
N≤2张，不合格
二、骨髓：
M＜3ml，不合格
三、温控要求：
切片：5℃~25℃
骨髓：2℃~8℃","1、切片：暂存等通知
2、骨髓：路径b","≤10张","/"
"86","RSPM2023063","LK292","OncoCompass®Plus血浆版","/","一、全血：
2ml＜M＜6ml，警戒
M≤2ml，不合格
二、温控要求：5℃~25℃","/","/","/"
"87","RSPM2023063","LK534","燃卫宁®DNA","/","一、全血：
2ml＜M＜6ml，警戒
M≤2ml，不合格
二、温控要求：5℃~25℃","/","/","/"
"88","RSPM2023063","LK532","燃卫宁®DNA配对","/","一、口腔拭子：
容器破损、密封不良、肉眼未见样本（拭子头）、容器内无保护液，不合格
二、温控要求：2℃~8℃","-15℃~-25℃暂存等通知","/","/"
"89","RSPM2024030","LK513","myChoiceHRDPlus","/","一、切片：
N＞10张，合格需反馈
小组织切片：
5张＜N＜8张，警戒
N≤5张，不合格
大组织切片：
N≤2张，不合格
二、组织样本要求：LK513和LK294不共用样本","暂存等通知","≤10张","/"
"90","RSPM2024030","LK294","OncoScreen®PlusCDx组织版","/","一、切片：
N＞10张，合格需反馈
小组织切片：
5张＜N＜8张，警戒
N≤5张，不合格
大组织切片：
N≤2张，不合格
二、组织样本要求：LK513和LK294不共用样本","暂存等通知","≤10张","/"
"91","RSPM2024030","LK167","燃石朗清®血浆版","/","/","暂存等通知","/","/"
"92","RSPM2024030","LK292","OncoCompass®Plus血浆版","/","白细胞：
N＞1管，合格需反馈","暂存等通知","1管","/"
"93","RSPM2024030","LK195","燃石朗清®血浆升级版UMI","/","白细胞：
N＞1管，合格需反馈","暂存等通知","1管","/"
"94","RSPM2024030","LK306","OncoCompass®Plus血浆版UMI","/","白细胞：
N＞1管，合格需反馈","暂存等通知","1管","/"
"95","RSPM2024056","LK030","KRAS","/","切片：
N＞8张，合格需反馈
N＜5张，不合格","1、N≥8张：暂存等通知
2、5张≤N≤7张：路径b","≤8张","/"
"96","RSPS2023006","LK305","OncoScreen®ParpMatchProCDx组织版","1、由实验室贴M码
2、查询微文档是否有指定M码","一、切片：
N含空白玻片或HE片，反馈并暂停
N＞15张，不合格，反馈后流转
小组织切片：
N＜15张，不合格
大组织切片：
N＜10张，不合格
二、样本上受试者筛选号（E-code）和样本标记信息（AccessionNo.）两者任一缺少，反馈并暂停
三、申请单审核如有以下情况，反馈并暂停：
（1）申请单预打印信息出现手动修改，包括样本标记信息（AccessionNo.和E-code码）、研究编号、医院联系人
（2）样本随附申请单非原件
（3）切片厚度非4、5μm
（4）取材部位为Breast，Tumortype勾选项非Primary
（5）取材部位非Breast，Tumortype勾选项非Metastatic","/","1、小组织切片：15张
2、大组织切片：≤15张","/"
"97","RSPS2023006","LK291","OncoScreen®Plus组织版","1、由实验室贴M码
2、查询微文档是否有指定M码","一、EDTA全血：
M＜3ml，不合格
N>1管，异常需反馈，不流转分离
二、样本如有以下情况，反馈并暂停：
（1）样本上受试者筛选号（E-code）和样本标记信息（AccessionNo.）两者任一缺少
（2）非EDTA采血管
三、申请单审核如有以下情况，反馈并暂停：
（1）申请单预打印信息出现手动修改，包括有样本标记信息（AccessionNo.和E-code码）、研究编号、医院联系人
（2）样本随附申请单非原件
四、暂存要求：-15℃~-25℃","/","/","/"
"98","RSPM2024055","LK030","KRAS","/","切片：
N＞10张，合格需反馈
小组织切片：
5张＜N＜8张，警戒
N≤5张，不合格
大组织切片：
N≤2张，不合格","暂存等通知","≤10张","/"
"99","RSPM2024048","LK309","OncoScreen®Plus组织版","/","切片（N含HE片）：
N＞10张，合格需反馈
小组织切片：
5张＜N＜8张，警戒
N≤5张，不合格
大组织切片：
N≤2张，不合格","/","≤10张","/"
"100","RSPM2024048","LK292","OncoCompass®Plus血浆版","/","全血：
2ml/管＜M＜6ml/管，警戒
M≤2ml/管，不合格","/","/","/"
"101","RSPM2024040","LK521","OncoScreen®WES","/","一、切片：
N＞10张，合格需反馈
小组织切片：
5张＜N＜8张，警戒
N≤5张，不合格
大组织切片：
N≤2张，不合格
二、全血：
M＜0.2ml，不合格","1、切片：暂存等通知
2、全血：路径b","切片：≤10张","/"
"102","RSPM2024040","LK522","朗微®-MRD","/","一、全血：
N＞2管，不合格
8ml≤M＜16ml，警戒
M＜8ml，不合格
二、质控不合格/审核异常样本：
筛选期Screening：需分离血浆和白细胞
其他访视节点：仅分离血浆","/","/","/"
"103","RSPS2024007","LK340","捕获转录组测序(Capture-WTS)","/","切片：
N＞5张，合格需反馈
N＜1张，不合格","1、暂存等通知
2、LK340单提或LK340与LK294共提","≤5张","/"
"104","RSPS2024007","LK294","OncoScreen®PlusCDx组织版","/","切片：
N＞5张，合格需反馈
N＜1张，不合格","1、暂存等通知
2、LK340单提或LK340与LK294共提","≤5张","/"
"105","RSPS2024007","LK292","OncoCompass®Plus血浆版","/","血浆/白细胞","暂存等通知","/","/"
"106","RSPS2024007","LK550","OverC®Monitor-01","/","血浆/白细胞","暂存等通知","/","/"
"107","RSPM2024049","LK291","OncoScreen®Plus组织版","/","一、切片（N含HE片）：
N＞10张，合格需反馈
小组织切片：
5张＜N＜8张，警戒
N≤5张，不合格
大组织切片：
N≤2张，不合格
二、组织样本共用要求：LK291与LK091共用
三、血浆/白细胞/DNA","暂存等通知","≤10张","/"
"108","RSPM2024049","LK091","RNA提取","/","一、切片（N含HE片）：
N＞10张，合格需反馈
小组织切片：
5张＜N＜8张，警戒
N≤5张，不合格
大组织切片：
N≤2张，不合格
二、组织样本共用要求：LK291与LK091共用
三、血浆/白细胞/DNA","暂存等通知","≤10张","/"
"109","RSPM2024049","LK292","OncoCompass®Plus血浆版","/","一、白细胞：
M＜0.2ml，不合格
二、血浆/DNA","暂存等通知","/","/"
"110","RSPM2024051","LK525","OncoScreen®WES定制版","/","一、切片（N含HE片）：
N＞10张，合格需反馈
小组织切片：
5张＜N＜8张，警戒
N≤5张，不合格
大组织切片：
N≤2张，不合格
二、组织样本共用要求：LK525与LK091共用","暂存等通知","≤10张","/"
"111","RSPM2024051","LK091","RNA提取","/","一、切片（N含HE片）：
N＞10张，合格需反馈
小组织切片：
5张＜N＜8张，警戒
N≤5张，不合格
大组织切片：
N≤2张，不合格
二、组织样本共用要求：LK525与LK091共用","暂存等通知","≤10张","/"
"112","RSPM2024011","LK291","OncoScreen®Plus组织版","/","一、切片：
筛选期：N＞15张，合格需反馈
探索性：N＞10张，合格需反馈
小组织切片：
5张＜N＜8张，警戒
N≤5张，不合格
大组织切片：
N≤2张，不合格
二、蜡块","暂存等通知","1、筛选期：≤15张
2、探索性：≤10张","/"
"113","RSPM2024011","LK292","OncoCompass®Plus血浆版","/","/","暂存等通知","/","/"
"114","RSPM2024041","LK167","燃石朗清®血浆版","/","一、白细胞：
M＜0.2ml，不合格
二、血浆","暂存等通知","/","/"
"115","RSPM2024047","LK170","燃石朗清®组织版","/","切片：
N＞10张，合格需反馈
小组织切片：
5张＜N＜8张，警戒
N≤5张，不合格
大组织切片：
2张＜N＜5张，警戒
N≤2张，不合格","1、预筛选期：路径a
2、其余访视节点：暂存等通知
3、申请单手写：APS-RET-103-BC-P，系统上备注单例流转：路径a","≤10张","/"
"116","RSPM2024047","LK167","燃石朗清®血浆版","/","全血：
2ml＜M＜6ml，警戒
M≤2ml，不合格","1、预筛选期：路径a
2、其余访视节点：暂存等通知
3、申请单手写：APS-RET-103-BC-P，系统上备注单例流转：路径a","/","/"
"117","RSPM2024039","LK101","燃石朗克®组织版","/","一、切片：
N含空白玻片或HE片，反馈并暂停
N＞10张，不合格
小组织切片：
5张＜N＜8张，警戒
N≤5张，不合格
大组织切片：
N≤2张，不合格
二、申请单审核注意事项：对于检测申请单中任何信息模糊、难以分辨的字体均需反馈并暂停","1、筛选期：路径a
2、其余访视节点：暂存等通知","≤10张","/"
"118","RSPM2024039","LK165","燃石朗克®血浆版","/","一、全血：
2ml＜M＜6ml，警戒
M≤2ml，不合格
二、申请单审核注意事项：对于检测申请单中任何信息模糊、难以分辨的字体均需反馈并暂停","1、筛选期：路径a
2、其余访视节点：暂存等通知","/","/"
"119","RSPM2024043","LK194","燃石朗清®Pro血浆版UMI","/","全血：
M＜5ml，不合格","/","/","/"
"120","RSPM2024038","LK521","OncoScreen®WES","/","一、切片：
N含空白玻片或HE片，反馈并暂停
N＞15张，合格需反馈
小组织切片：
5张＜N＜8张，警戒
N≤5张，不合格
大组织切片：
N≤2张，不合格
二、组织样本共用要求：LK521与LK340共用样本
三、全血：
M＜0.2ml，不合格
四、LK521白细胞申请单“是否生成报告”勾选为是，但系统默认录入为否，无需反馈","/","切片：≤15张","/"
"121","RSPM2024038","LK340","捕获转录组测序(Capture-WTS)","/","一、切片：
N含空白玻片或HE片，反馈并暂停
N＞15张，合格需反馈
小组织切片：
5张＜N＜8张，警戒
N≤5张，不合格
大组织切片：
N≤2张，不合格
二、组织样本共用要求：LK521与LK340共用样本
三、申请单“是否生成报告”勾选为是，但系统默认录入为否，无需反馈","/","切片：≤15张","/"
"122","RSPM2024028","LK291","OncoScreen®Plus组织版","/","切片：
N含空白玻片，反馈并暂停
小组织切片：
N＞7张，合格需反馈
5张＜N≤7张，警戒
N≤5张，不合格
大组织切片：
N＞5张，合格需反馈
N=2张，警戒
N＜2张，不合格","暂存等通知","1、小组织切片：≤7张
2、大组织切片：≤5张","/"
"123","RSPM2024028","LK292","OncoCompass®Plus血浆版","/","温控要求：-70℃~-90℃","暂存等通知","/","/"
"124","RSPM2024024","LK170","燃石朗清®组织版","运送单研究编号为DZ2023C0002","一、切片：
N含空白玻片或HE片，反馈并暂停
小组织切片：
N＞10张，合格需反馈
5张＜N＜8张，警戒
N≤5张，不合格
大组织切片：
N＞5张，合格需反馈
N=2张，警戒
N＜2张，不合格
二、蜡块
三、温控要求：15℃~25℃","暂存等通知","1、小组织切片：≤10张
2、大组织切片：≤5张","/"
"125","RSPM2024024","LK167","燃石朗清®血浆版","运送单研究编号为DZ2023C0002","温控要求：-60℃~-100℃","暂存等通知","/","/"
"126","RSPM2024036","LK521","OncoScreen®WES","/","一、切片（N含HE片）：
N含空白玻片或HE片＞1张，反馈并暂停
N＜1张，不合格
二、白细胞：
M＜0.2ml，不合格","暂存等通知","全部流转","/"
"127","RSPM2024036","LK091","RNA提取","/","切片（N含HE片）：
N含空白玻片或HE片＞1张，反馈并暂停
N＜1张，不合格","暂存等通知","全部流转","/"
"128","RSPM2024031","LK170","燃石朗清®组织版","/","切片：
N＞10张，合格需反馈
小组织切片：
5张＜N＜8张，警戒
N≤5张，不合格
大组织切片：
N≤2张，不合格","暂存等通知","≤10张","/"
"129","RSPM2024031","LK167","燃石朗清®血浆版","/","全血：
2ml＜M＜6ml，警戒
M≤2ml，不合格","/","/","/"
"130","RSPM2024006","LK101","燃石朗克®组织版","/","一、切片：
N含空白玻片或HE片，反馈并暂停
N＞10张，合格需反馈
小组织切片：
5张＜N＜8张，警戒
N≤5张，不合格
大组织切片：
N≤2张，不合格
二、组织样本共用要求：LK101和LK361共用1张HE片，使用LK101的1张白片制备HE片","暂存等通知","≤10张","/"
"131","RSPM2024006","LK361","PD-L1(22c3)","/","一、切片：
N含空白玻片或HE片，反馈并暂停
N＞3张，合格需反馈
N＜2，不合格
二、组织样本共用要求：LK101和LK361共用1张HE片，使用LK101的1张白片制备HE片","暂存等通知","≤3张","/"
"132","RSPM2024006","LK292","OncoCompass®Plus血浆版","/","全血：
2ml＜M＜6ml，警戒
M≤2ml，不合格","/","/","/"
"133","RSPM2024037","LK291","OncoScreen®Plus组织版","/","切片（N含HE片）：
N含空白玻片或HE片＞1张，反馈并暂停
N＞10张，合格需反馈
小组织切片：
5张＜N＜8张，警戒
N≤5张，不合格
大组织切片：
N≤2张，不合格","暂存等通知","≤10张","/"
"134","RSPM2024037","LK292","OncoCompass®Plus血浆版","/","/","暂存等通知","/","/"
"135","RSPS2024006","LK307","OncoScreen®BCMatchCDx组织版","/","一、切片（N含HE片）：
N含空白玻片或HE片，反馈并暂停
N＞11张，合格需反馈
小组织切片：
N≤5张，不合格
大组织切片：
N≤2张，不合格
二、DNA","暂存等通知","≤11张","/"
"136","RSPS2023010","LK291","OncoScreen®Plus组织版","1、由实验室贴M码
2、申请单研究编号为Protocol（J3M-MC-JZQB）
3、送检2管全血，1管贴1个M码，对应申请单贴2个M码","一、切片：
N含空白玻片或HE片，暂停
N＞10张，合格需反馈
小组织切片：
5张＜N＜8张，警戒
N≤5张，不合格
大组织切片：
N≤2张，不合格
二、申请单如无项目编号一维码，反馈并暂停","/","≤10张","/"
"137","RSPS2023010","LK292","OncoCompass®Plus血浆版","1、由实验室贴M码
2、申请单研究编号为Protocol（J3M-MC-JZQB）
3、送检2管全血，1管贴1个M码，对应申请单贴2个M码","一、全血：
N＞1管，不合格
2ml＜M＜6ml，警戒
M≤2ml，不合格
二、申请单如无项目编号一维码，反馈并暂停","1、已推送财务血液：路径a
2、未推财务血液：分离暂存","/","/"
"138","RSPM2024033","LK291","OncoScreen®Plus组织版","/","一、切片（N含HE片）：
N含空白玻片或HE片，暂停
N＞10张，合格需反馈
小组织切片：
N＜8张，不合格
大组织切片：
N＜5张，不合格
二、温控要求：0℃~30℃","/","≤10张","/"
"139","RSPM2024033","LK292","OncoCompass®Plus血浆版","/","一、全血：
N＞1管，不合格
2ml＜M＜6ml，警戒
M≤2ml，不合格
二、温控要求：0℃~30℃","/","/","/"
"140","RSPM2024029","LK524","OncoScreen®WES定制版","/","一、切片（N含HE片）：
N含空白玻片或HE片，反馈并暂停
N＜1张，不合格
二、组织样本共用要求：LK524与LK091共用样本，其中一单暂停，另一单同时暂停
三、白细胞：
M＜0.2ml，不合格
四、DNA","暂存等通知","切片：按PM通知数量流转","/"
"141","RSPM2024029","LK091","RNA提取","/","一、切片（N含HE片）：
N含空白玻片或HE片，反馈并暂停
N＜1张，不合格
二、组织样本共用要求：LK524与LK091共用样本，其中一单暂停，另一单同时暂停
三、DNA","暂存等通知","切片：按PM通知数量流转","/"
"142","RSPM2024029","LK292","OncoCompass®Plus血浆版","/","一、白细胞：
M＜0.2ml，不合格
二、血浆/DNA","暂存等通知","/","/"
"143","RSPS2024003","LK167","燃石朗清®血浆版","/","一、全血：
2ml＜M＜6ml，警戒
M≤2ml，不合格
二、申请单审核时请注意：
（1）申请单英文医院名称翻译后与中文意思相近即可
（2）系统是否出具报告默认为否，无需反馈
（3）非样本本身异常情况可直接流转检测，并同步反馈异常","/","/","/"
"144","RSPS2024003","LK179","燃石朗清®Pro血浆版UMI","/","一、全血：
M＜5ml，不合格
二、申请单审核时请注意：
（1）申请单英文医院名称翻译后与中文意思相近即可
（2）非样本本身异常情况可直接流转检测，并同步反馈异常","/","/","/"
"145","RSPM2024026","LK262","燃石朗克®CDx组织版","/","一、切片：
N含空白玻片或HE片，暂停
N＞10张，合格需反馈
小组织切片：
N＜8张，不合格
大组织切片：
N＜5张，不合格
二、温控要求：0℃~30℃","/","≤10张","/"
"146","RSPM2023061","LK525","OncoScreen®WES定制版","/","一、切片（N含HE片）：
N＞10张，合格需反馈
小组织切片：
5张＜N＜8张，警戒
N≤5张，不合格
大组织切片：
N≤2张，不合格
二、组织样本共用要求：LK525和LK091共用1张HE片","暂存等通知","≤10张","/"
"147","RSPM2023061","LK091","RNA提取","/","一、切片（N含HE片）：
N＞10张，合格需反馈
小组织切片：
5张＜N＜8张，警戒
N≤5张，不合格
大组织切片：
N≤2张，不合格
二、组织样本共用要求：LK525和LK091共用1张HE片","暂存等通知","≤10张","/"
"148","RSPS2023008","LK294","OncoScreen®PlusCDx组织版","1、由实验室贴M码
2、申请单研究编号为D9970C00001","一、切片（N含HE片）：
N含空白玻片或HE片，暂停
N＞10张，合格需反馈
小组织切片：
N＜5张，不合格
大组织切片：
N＜2张，不合格
二、样本上受试者筛选号（E-code）和样本标记信息（Accession No.）两者任一缺少，反馈并暂停","/","≤10张","/"
"149","RSPM2024019","LK194","燃石朗清®血浆版","/","一、全血：
N＞1管，不合格，不流转分离
M＜5ml，不合格
二、血浆/DNA","1、全血：路径b
2、血浆/DNA：暂存等通知","/","/"
"150","RSPM2022016","LK524","OncoScreen®WES定制版","/","一、切片：
N含空白玻片或HE片，暂停
N＞6张，合格需反馈
N＜1张，不合格
二、组织样本共用要求：LK524和LK601共用","暂存等通知","≤6张","/"
"151","RSPM2022016","LK601","OncoRNA","/","一、切片：
N含空白玻片或HE片，暂停
N＞6张，合格需反馈
N＜1张，不合格
二、组织样本共用要求：LK524和LK601共用","暂存等通知","≤6张","/"
"152","RSPM2024007","LK533","燃卫宁®RNA","/","一、切片：
N含空白玻片或HE片，暂停
N＞7张，合格需反馈
N≤2张，不合格
二、组织样本共用要求：LK524和LK601共用","暂存等通知","≤7张","/"
"153","RSPM2024007","LK534","燃卫宁®DNA","/","一、切片：
N含空白玻片或HE片，暂停
N＞7张，合格需反馈
N≤2张，不合格
二、组织样本共用要求：LK524和LK601共用","暂存等通知","≤7张","/"
"154","RSPM2024018","LK292","OncoCompass®Plus血浆版","/","全血：
2ml＜M＜6ml，警戒
M≤2ml，不合格","/","/","/"
"155","RSPM2023016","LK291","OncoScreen®Plus组织版","运送单研究编号为LOXO-FG3-22001","切片（N含HE片）：
N含空白玻片或HE片＞1张，反馈并暂停
N＞10张，合格需反馈
小组织切片：
5张＜N＜8张，警戒
N≤5张，不合格
大组织切片：
N≤2张，不合格","暂存等通知","≤10张","/"
"156","RSPM2023016","LK292","OncoCompass®Plus血浆版","运送单研究编号为LOXO-FG3-22001","全血：
2ml＜M＜6ml，警戒
M≤2ml，不合格","/","/","/"
"157","RSPM2024015","LK310","OncoScreen®PlusCDx组织版","/","一、切片（N不含HE）：
N含空白玻片或HE片，反馈并暂停
N＞5张，合格需反馈
N≤2张，不合格
二、切片（N含HE）：
N含空白玻片或HE片，反馈并暂停
N＞5+1张，合格需反馈
N≤2+1张，不合格","暂存等通知","1、不含HE片：≤5张
2、含HE片：≤5+1张","/"
"158","RSPM2024015","LK292","OncoCompass®Plus血浆版","/","/","暂存等通知","/","/"
"159","RSPM2024003","LK170","燃石朗清®组织版","/","切片：
N含空白玻片或HE片，反馈并暂停
N＞10张，合格需反馈
小组织切片：
5张＜N＜8张，警戒
N≤5张，不合格
大组织切片：
N≤2张，不合格","/","≤10张","/"
"160","RSPM2024003","LK167","燃石朗清®血浆版","/","全血：
2ml＜M＜6ml，警戒
M≤2ml，不合格","/","/","/"
"161","RSPM2023060","LK295","OncoScreen®PlusCDx组织版","/","切片：
N＞7张，合格需反馈
小组织切片：
N＜5张，不合格
大组织切片：
N＜2张，不合格","暂存等通知","≤7张","/"
"162","RSPM2023060","LK176","燃石朗清®血浆版UMI","/","全血：
M＜0.2ml，不合格","暂存等通知","/","/"
"163","RSPM2023057","LK531","燃卫宁®DNA","/","一、切片：
N含空白玻片或HE片，反馈并暂停
N＞10张，合格需反馈
小组织切片：
5张＜N＜8张，警戒
N≤5张，不合格
大组织切片：
N≤2张，不合格","/","≤10张","/"
"164","RSPM2023057","LK532","燃卫宁®DNA配对","/","暂存要求：-15℃~-25℃","/","/","/"
"165","RSPM2024002","LK167","燃石朗清®血浆版","/","/","暂存等通知","/","/"
"166","RSPS2024002","LK262","燃石朗克®CDx组织版","/","切片（N含HE片）：
N＞10张，合格需反馈
小组织切片：
N＜5张，不合格
大组织切片：
N＜2张，不合格","/","≤10张","/"
"167","RSPS2024002","LK106","燃石朗清®CDx血浆版","/","全血：
M＞10ml，合格需反馈
M＜5ml，不合格","/","/","/"
"168","RSPS2024001","LK262","燃石朗克®CDx组织版","/","切片：
N＞10张，合格需反馈
小组织切片：
N＜5张，不合格
大组织切片：
N＜2张，不合格","/","≤10张","/"
"169","RSPS2024001","LK106","燃石朗清®CDx血浆版","/","全血：
M＜5ml，不合格","/","/","/"
"170","RSPM2023064","LK205","燃石利清®组织版","/","一、切片：
N＞10张，合格需反馈
小组织切片：
5张＜N＜8张，警戒
N≤5张，不合格
大组织切片：
N≤2张，不合格
二、组织样本共用要求：LK205+LK534+LK533共用","/","≤10张","/"
"171","RSPM2023064","LK534","燃卫宁®DNA","/","一、切片：
N＞10张，合格需反馈
小组织切片：
5张＜N＜8张，警戒
N≤5张，不合格
大组织切片：
N≤2张，不合格
二、组织样本共用要求：LK205+LK534+LK533共用","/","≤10张","/"
"172","RSPM2023064","LK533","燃卫宁®RNA","/","一、切片：
N＞10张，合格需反馈
小组织切片：
5张＜N＜8张，警戒
N≤5张，不合格
大组织切片：
N≤2张，不合格
二、组织样本共用要求：LK205+LK534+LK533共用","/","≤10张","/"
"173","RSPM2023005","LK524","OncoScreen®WES定制版","/","一、切片：
N含空白玻片或HE片，反馈并暂停
N＞15张，合格需反馈
小组织切片：
5张＜N＜8张，警戒
N≤5张，不合格
大组织切片：
N≤2张，不合格
二、切片（数量N）和蜡卷（数量C）：
N>1张（和）或C>1管，合格需反馈
N＜1或C＜1管，不合格
三、白细胞：
M＜0.2ml，不合格","暂存等通知","1、切片：≤15张
2、切片+蜡卷：N=1张且C=1管","/"
"174","RSPM2023005","LK335","全转录组测序(WTS)","/","切片（数量N）和蜡卷（数量C）：
N>1张（和）或C>1管，合格需反馈
N＜1或C＜1管，不合格","暂存等通知","N=1张且C=1管","/"
"175","RSPM2023004","LK524","OncoScreen®WES定制版","/","一、切片：
N含空白玻片或HE片，反馈并暂停
N＞15张，合格需反馈
小组织切片：
5张＜N＜8张，警戒
N≤5张，不合格
大组织切片：
N≤2张，不合格
二、切片（数量N）和蜡卷（数量C）：
N>1张（和）或C>1管，合格需反馈
N＜1或C＜1管，不合格
三、组织样本共用要求：LK524和LK335共用
四、白细胞：
M＜0.2ml，不合格","暂存等通知","1、切片：≤15张
2、切片+蜡卷：N=1张且C=1管","/"
"176","RSPM2023004","LK335","全转录组测序(WTS)","/","一、切片：
N＞15张，合格需反馈
小组织切片：
5张＜N＜8张，警戒
N≤5张，不合格
大组织切片：
N≤2张，不合格
二、切片（数量N）和蜡卷（数量C）：
N>1张（和）或C>1管，合格需反馈
N＜1或C＜1管，不合格
三、组织样本共用要求：LK524和LK335共用","暂存等通知","1、切片：≤15张
2、切片+蜡卷：N=1张且C=1管","/"
"177","RSPM2023058","LK170","燃石朗清®组织版","/","一、切片：
N＞10张，合格需反馈
小组织切片：
5张＜N＜8张，警戒
N≤5张，不合格
大组织切片：
N≤2张，不合格
二、组织样本共用要求：LK170和LK361共用1张HE片，使用LK361的1张白片制备HE片","/","≤10张","/"
"178","RSPM2023058","LK361","PD-L1(22c3)","/","一、切片：
N≠5张，不合格
二、组织样本共用要求：LK170和LK361共用1张HE片，使用LK361的1张白片制备HE片","/","5张","/"
"179","RSPM2023054","LK118","燃石馥康®组织版","/","切片：
N含空白玻片或HE片，反馈并暂停
N＞10张，合格需反馈
小组织切片：
5张＜N＜8张，警戒
N≤5张，不合格
大组织切片：
N≤2张，不合格","按快速检测","≤10张","/"
"180","RSPM2023054","LK206","燃石馥康®血浆版","/","全血：
2ml＜M＜6ml，警戒
M≤2ml，不合格","1、暂存等通知
2、按快速检测","/","/"
"181","RSPM2023049","LK106","燃石朗清®CDx血浆版","/","全血：
M＜5ml，不合格","/","/","/"
"182","RSPM2023028","LK167","燃石朗清®血浆版","/","一、全血：
2ml＜M＜6ml，警戒
M≤2ml，不合格
二、申请单审核注意事项：出生日期非预打印07月01日需遮盖具体日期并反馈","1、全血：路径b
2、血浆/DNA：暂存等通知","/","/"
"183","RSPM2023040","LK292","OncoCompass®Plus血浆版","/","全血：
2ml＜M＜6ml，警戒
M≤2ml，不合格","/","/","/"
"184","RSPM2023018","LK294","OncoScreen®PlusCDx组织版","/","切片：
N含空白玻片或HE片，反馈并暂停
N＞5张，合格需反馈
N≤2张，不合格","暂存等通知","≤5张","/"
"185","RSPM2023018","LK292","OncoCompass®Plus血浆版","/","白细胞：
M＜0.2ml，不合格","暂存等通知","/","/"
"186","RSPM2023055","LK167","燃石朗清®血浆版","/","一、全血：
2ml＜M＜6ml，警戒
M≤2ml，不合格
二、样本共用要求：LK167和LK290共用","/","/","/"
"187","RSPM2023055","LK290","OncoScreen®Plus遗传版","/","一、全血：
2ml＜M＜6ml，警戒
M≤2ml，不合格
二、样本共用要求：LK167和LK290共用","路径b","/","/"
"188","RSPM2023056","LK291","OncoScreen®Plus组织版","/","切片：
N＜1张，不合格","暂存等通知","/","/"
"189","RSPM2023056","LK524","OncoScreen®WES定制版","/","切片：
N＜1张，不合格","暂存等通知","/","/"
"190","RSPM2023056","LK601","OncoRNA","/","切片：
N＜1张，不合格","暂存等通知","/","/"
"191","RSPM2023056","LK292","OncoCompass®Plus血浆版","/","白细胞：
M＜0.2ml，不合格","暂存等通知","/","/"
"192","RSPM2023043","LK101","燃石朗克®组织版","/","切片：
N＞10张，合格需反馈
小组织切片：
5张＜N＜8张，警戒
N≤5张，不合格
大组织切片：
N≤2张，不合格","/","≤10张","/"
"193","RSPM2023051","LK030","KRAS","/","切片：
小组织切片：N＜8张，不合格
大组织切片：N＜5张，不合格","/","1、小组织切片：≤8张
2、大组织切片：≤5张","/"
"194","RSPM2023038","LK101","燃石朗克®组织版","/","切片（N含HE片）：
N含空白玻片或HE片，反馈并暂停
N＞10张，合格需反馈
小组织切片：
5张＜N＜8张，警戒
N≤5张，不合格
大组织切片：
N≤2张，不合格","1、立即检测：路径a
2、暂存复检：暂存等通知","≤10张","/"
"195","RSPM2023038","LK032","IHC/FISH定制版","/","申请单勾选“Sublab-IHC/FISH”为外送检测样本","暂存等通知","/","/"
"196","RSPM2023041","LK167","燃石朗清®血浆版","1、运送单研究编号为SHR-A2009-201
2、以CNXXX进行签收","全血：
2ml＜M＜6ml，警戒
M≤2ml，不合格","/","/","/"
"197","RSPM2023039","LK292","OncoCompass®Plus血浆版","/","一、全血：
2ml＜M＜6ml，警戒
M≤2ml，不合格
二、温控要求：6℃~30℃","/","/","/"
"198","RSPM2023039","LK291","OncoCompass®Plus组织版","/","一、切片（N含HE片）：
N＞10张，合格需反馈
小组织切片：
5张＜N＜8张，警戒
N≤5张，不合格
大组织切片：
N≤2张，不合格
二、温控要求：6℃~30℃","/","≤10张","/"
"199","RSPM2023042","LK291","OncoScreen®Plus组织版","/","一、切片（N含HE片）：
N＞10张，合格需反馈
小组织切片：
5张＜N＜8张，警戒
N≤5张，不合格
大组织切片：
N≤2张，不合格
二、组织样本共用要求：LK291与LK340共用1张HE片，双提","/","≤10张","申请单为电子版无需扫描"
"200","RSPM2023042","LK340","捕获转录组测序(Capture-WTS)","/","一、切片（N含HE片）：
N＞10张，合格需反馈
小组织切片：
5张＜N＜8张，警戒
N≤5张，不合格
大组织切片：
N≤2张，不合格
二、组织样本共用要求：LK291与LK340共用1张HE片，双提","/","≤10张","申请单为电子版无需扫描"
"201","RSPM2023042","LK292","OncoCompass®Plus血浆版","/","全血：
2ml＜M＜6ml，警戒
M≤2ml，不合格","/","/","申请单为电子版无需扫描"
"202","RSPM2023035","LK106","燃石朗清®CDx血浆版","/","全血：
M＜5ml，不合格","/","/","/"
"203","RSPM2023032","LK167","燃石朗清®血浆版","/","一、全血
申请单非LK196需反馈并先保留白细胞
二、血浆/白细胞","1、全血：路径b
2、血浆/白细胞：暂存等通知","/","/"
"204","RSPM2023032","LK194","燃石朗清®Pro血浆版UMI","/","一、全血
申请单非LK196需反馈并先保留白细胞
二、血浆/白细胞","1、全血：路径b
2、血浆/白细胞：暂存等通知","/","/"
"205","RSPM2023032","LK196","燃石朗清®Pro血浆版UMI","/","一、全血
申请单非LK196需反馈并先保留白细胞
二、血浆/白细胞","1、全血：路径b
2、血浆/白细胞：暂存等通知","",""
"206","RSPM2023010","LK167","燃石朗清®血浆版","/","一、全血：
2ml＜M＜6ml，警戒
M≤2ml，不合格
二、DNA
三、温控要求：10℃~30℃","1、全血：路径b
2、DNA：暂存等通知","/","/"
"207","RSPM2023010","LK106","燃石朗清®CDx血浆版","/","DNA","暂存等通知","/","/"
"208","RSPM2023045","LK295","OncoScreen®PlusCDx组织版","/","切片：
小组织切片：
N＞15张白片+1张HE片，合格需反馈
N＜8张白片+1张HE片，不合格
大组织切片：
N＞10张白片+1张HE片，合格需反馈
N≤2张白片+1张HE片，不合格","暂存等通知","1、小组织切片：≤15张白片+1张HE片
2、大组织切片：≤10张白片+1张HE片","/"
"209","RSPM2023048","LK205","燃石利清®组织版","/","切片：
N＞10张，合格需反馈
小组织切片：
5张＜N＜8张，警戒
N≤5张，不合格
大组织切片：
N≤2张，不合格","暂存等通知","≤10张","/"
"210","RSPS2023003","LK291","OncoScreen®Plus组织版","/","切片（N含HE片）：
N含空白玻片或HE片，暂停
N＞9张，合格需反馈
小组织切片：
5张＜N＜8张，警戒
N≤5张，不合格
大组织切片：
N≤2张，不合格","/","≤9张","/"
"211","RSPS2023003","LK292","OncoCompass®Plus血浆版","/","全血：
2ml＜M＜6ml，警戒
M≤2ml，不合格","/","/","/"
"212","RSPM2023026","LK300","OncoCompass®Plus血浆定制版","/","一、全血：
N＞1管，合格需反馈，不流转分离
2ml＜M＜6ml，警戒
M≤2ml，不合格
二、申请单访视节点为C1D1送检2管，1管是PRE，1管是8HR，则为两个样本，无需反馈","/","/","/"
"213","RSPM2023030","LK262","燃石朗克®CDx组织版","/","切片：
N＞10张，合格需反馈
小组织切片：
5张＜N＜8张，警戒
N≤5张，不合格
大组织切片：
N≤2张，不合格","/","≤10张","/"
"214","RSPS2023004","LK264","燃石朗克®CDx组织版","/","切片：
N＞10张，合格需反馈
小组织切片：
N＜8张，不合格
大组织切片：
N＜5张，不合格","/","≤10张","/"
"215","RSPS2023004","LK106","燃石朗清®CDx血浆版","/","全血：
M＜5ml，不合格","/","/","/"
"216","RSPM2023034","LK521","OncoScreen®WES","/","一、切片：
N＞12张，合格需反馈
小组织切片：
5张＜N＜8张，警戒
N≤5张，不合格
大组织切片：
N≤2张，不合格
二、组织样本共用要求：LK521与LK335共用样本，LK521、LK335和LK361共用1张HE片，使用LK361的1张白片制备HE片","暂存等通知","≤12张","/"
"217","RSPM2023034","LK335","全转录组测序(WTS)","/","一、切片：
N＞12张，合格需反馈
小组织切片：
5张＜N＜8张，警戒
N≤5张，不合格
大组织切片：
N≤2张，不合格
二、组织样本共用要求：LK521与LK335共用样本，LK521、LK335和LK361共用1张HE片，使用LK361的1张白片制备HE片","暂存等通知","≤12张","/"
"218","RSPM2023034","LK361","PD-L1(22c3)","/","一、切片：
N＞3张，合格需反馈
N＜2张，不合格
二、组织样本共用要求：LK521与LK335共用样本，LK521、LK335和LK361共用1张HE片，使用LK361的1张白片制备HE片","暂存等通知","≤3张","/"
"219","RSPM2023011","LK167","燃石朗清®血浆版","/","全血：
2ml＜M＜6ml，警戒
M≤2ml，不合格","1、全血：路径b
2、血浆：暂存等通知","/","/"
"220","RSPM2023011","LK194","燃石朗清®Pro血浆版UMI","/","全血：
2ml＜M＜6ml，警戒
M≤2ml，不合格","1、全血：路径b
2、血浆：暂存等通知","/","/"
"221","RSPM2023029","LK292","OncoCompass®Plus血浆版","/","一、全血：
2ml＜M＜6ml，警戒
M≤2ml，不合格
二、血浆","/","/","/"
"222","RSPM2023022","LK291","OncoScreen®Plus组织版","/","一、切片（N含HE片）：
N＞10张，合格需反馈
小组织切片：
5张＜N＜8张，警戒
N≤5张，不合格
大组织切片：
N≤2张，不合格
二、温控要求：0℃~30℃","暂存等通知","≤10张","/"
"223","RSPM2023012","LK167","燃石朗清®血浆版","/","全血：
2ml＜M＜6ml，警戒
M≤2ml，不合格","/","/","/"
"224","RSPM2023025","LK291","OncoScreen®Plus组织版","/","切片：
N含空白玻片或HE片，反馈并暂停
N＞10张，合格需反馈
小组织切片：
5张＜N＜8张，警戒
N≤5张，不合格
大组织切片：
N≤2张，不合格","筛选期：路径a","1、小组织切片：≤10张
2、大组织切片：≤5张","/"
"225","RSPM2023025","LK292","OncoCompass®Plus血浆版","/","全血：
2ml＜M＜6ml，警戒
M≤2ml，不合格","1、筛选期：路径a
2、访视期：路径b","/","/"
"226","RSPM2023025","NA","IHC检测","/","切片
N含空白玻片或HE片，反馈并暂停","暂存等通知","/","/"
"227","RSPM2022051","LK521","OncoScreen®WES","/","/","1、暂存等通知
2、如有HE片，直接流转用于病理评估","/","/"
"228","RSPM2022051","LK335","全转录组测序(WTS)","/","/","1、暂存等通知
2、如有HE片，直接流转用于病理评估","/","/"
"229","RSPM2022051","LK522","朗微®-MRD","/","全血：
M＜0.2ml，不合格","暂存等通知","/","/"
"230","RSPM2023024","LK291","OncoScreen®Plus组织版","/","/","暂存等通知","/","/"
"231","RSPM2023024","LK601","OncoRNA","/","/","暂存等通知","/","/"
"232","RSPM2023020","LK291","OncoScreen®Plus组织版","/","/","暂存等通知","/","/"
"233","RSPM2023020","LK335","全转录组测序(WTS)","/","/","暂存等通知","/","/"
"234","RSPM2023009","LK300","OncoCompass®Plus血浆定制版","1、筛选期样本由实验室贴M码，入组样本贴临时标签
2、申请单研究编号为WO43919","全血：
N＞1管，不合格暂停等通知
2ml＜M＜6ml，警戒
M≤2ml，不合格","1、筛选期，全血：路径a
2、入组期，血浆：路径b","/","/"
"235","RSPM2023002","LK296","OncoScreen®PlusCDx组织版","/","全血：
M＞2ml，不合格
M＜0.2ml，不合格","/","/","/"
"236","RSPS2023001","LK291","OncoScreen®Plus组织版","/","一、切片：
N含空白玻片或HE片，暂停
N＞15张，合格需反馈
小组织切片：
5张＜N＜8张，警戒
N≤5张，不合格
大组织切片：
N≤2张，不合格
二、温控要求：10℃~30℃","1、单例前瞻性检测：路径a
2、批量回顾性检测：暂存等通知","≤15张","/"
"237","RSPS2023001","LK106","燃石朗清®CDx血浆版","/","一、全血：
M＜5ml，不合格
二、温控要求：10~30℃","1、单例前瞻性检测：路径a
2、批量回顾性检测：暂存等通知","/","/"
"238","RSPM2022028","LK262","燃石朗克®CDx组织版","/","切片：
N含空白玻片或HE片，暂停
N＞15张，合格需反馈
小组织切片：
N＜5张，不合格
大组织切片：
N＜3张，不合格","/","≤15张","/"
"239","RSPM2022028","LK106","燃石朗清®CDx血浆版","/","全血：
M＜5ml，不合格","/","/","/"
"240","RSPM2022054","LK291","OncoScreen®Plus组织版","/","切片：
（1）主研究：
N含空白玻片或HE片，暂停
N＞10张，合格需反馈
小组织切片：
5张＜N＜8张，警戒
N≤5张，不合格
大组织切片：
N≤2张，不合格
（2）探索性研究：
N含空白玻片或HE片，暂停
N＞7张，合格需反馈
小组织切片：
5张＜N＜7张，警戒
N≤5张，不合格
大组织切片：
N≤2张，不合格","1、筛选期：路径a
2、入组期：路径b","1、主研究：≤10张
2、探索性研究：≤7张","/"
"241","RSPM2022054","LK292","OncoCompass®Plus血浆版","/","全血：
M＜0.2ml，不合格","1、筛选期：路径a
2、入组期：路径b","/","/"
"242","RSPM2021020","LK170","燃石朗清®组织版","/","切片：
N＞10张，合格需反馈
小组织切片：
5张＜N＜8张，警戒
N≤5张，不合格
大组织切片：
N≤2张，不合格","/","≤10张","/"
"243","RSPM2021020","LK167","燃石朗清®血浆版","/","全血：
2ml＜M＜6ml，警戒
M≤2ml，不合格","/","/","/"
"244","RSPM2022055","LK533","燃卫宁®RNA","/","一、切片：
N＞10张，合格需反馈
小组织切片：
5张＜N＜8张，警戒
N≤5张，不合格
大组织切片：
N≤2张，不合格
二、全血：
M≥3ml或2d＜T≤3d，警戒
M＜3ml或T＞3d，不合格
三、温控要求：2℃~8℃","1、切片：暂存等通知
2、全血：暂存等通知","切片：≤10张","/"
"245","RSPM2022055","LK534","燃卫宁®DNA","/","一、切片：
N＞10张，合格需反馈
小组织切片：
5张＜N＜8张，警戒
N≤5张，不合格
大组织切片：
N≤2张，不合格
二、全血：
M≥3ml或2d＜T≤3d，警戒
M＜3ml或T＞3d，不合格
三、温控要求：2℃~8℃","1、切片：暂存等通知
2、全血：暂存等通知","切片：≤10张","/"
"246","RSPM2022055","LK292","OncoCompass®Plus血浆版","/","全血：
2ml＜M＜6ml或3d＜T≤7d，警戒
M≤2ml或T＞7d，不合格","暂存等通知","/","/"
"247","RSPM2022053","LK262","燃石朗克®CDx组织版","/","切片：
N＞10张，合格需反馈
小组织切片：
5张＜N＜8张，警戒
N≤5张，不合格
大组织切片：
N≤2张，不合格","/","≤10张","/"
"248","RSPM2022053","LK291","OncoScreen®Plus组织版","/","切片：
N＞10张，合格需反馈
小组织切片：
5张＜N＜8张，警戒
N≤5张，不合格
大组织切片：
N≤2张，不合格","/","≤10张","/"
"249","RSPM2022053","LK292","OncoCompass®Plus血浆版","/","全血：
2ml＜M＜6ml，警戒
M≤2ml，不合格","/","/","/"
"250","RSPM2022049","LK512","myChoiceHRDPlus","/","切片：
小组织切片：
N＞20张，合格需反馈
5张＜N＜8张，警戒
N≤5张，不合格
大组织切片：
N＞8张，合格需反馈
N≤2张，不合格","/","1、小组织切片：≤20张
2、大组织切片：≤8张","/"
"251","RSPM2022049","LK335","全转录组测序(WTS)","/","切片：
小组织切片：
N＞20张，合格需反馈
5张＜N＜8张，警戒
N≤5张，不合格
大组织切片：
N＞8张，合格需反馈
N≤2张，不合格","/","1、小组织切片：≤20张
2、大组织切片：≤8张","/"
"252","RSPM2022052","LK291","OncoScreen®Plus组织版","/","一、切片：
N＞15张，合格需反馈
小组织切片：
5张＜N＜8张，警戒
N≤5张，不合格
大组织切片：
N≤2张，不合格
二、组织样本共用要求：LK291和LK601共用，双提（以RNA检测为主）——检测申请单单独勾选LK601，LK601继续检测，LK291核酸提取后暂存","路径b","1、小组织切片：≤15张
2、大组织切片：≤8张","/"
"253","RSPM2022052","LK601","OncoRNA","/","一、切片：
N＞15张，合格需反馈
小组织切片：
5张＜N＜8张，警戒
N≤5张，不合格
大组织切片：
N≤2张，不合格
二、组织样本共用要求：LK291和LK601共用，双提（以RNA检测为主）——检测申请单单独勾选LK601，LK601继续检测，LK291核酸提取后暂存","路径a","1、小组织切片：≤15张
2、大组织切片：≤8张","/"
"254","RSPM2022047","LK291","OncoScreen®Plus组织版","/","一、切片：
N＞15张，合格需反馈
小组织切片：
5张＜N＜8张，警戒
N≤5张，不合格
大组织切片：
N≤2张，不合格
二、组织样本共用要求：LK291和LK601共用，双提——检测申请单单独勾选LK291，LK291继续检测，LK601核酸提取后暂存","路径a","1、小组织切片：≤15张
2、大组织切片：≤8张","/"
"255","RSPM2022047","LK601","OncoRNA","/","一、切片：
N＞15张，合格需反馈
小组织切片：
5张＜N＜8张，警戒
N≤5张，不合格
大组织切片：
N≤2张，不合格
二、组织样本共用要求：LK291和LK601共用，双提——检测申请单单独勾选LK291，LK291继续检测，LK601核酸提取后暂存","路径b","1、小组织切片：≤15张
2、大组织切片：≤8张","/"
"256","RSPM2022047","LK292","OncoCompass®Plus血浆版","/","全血：
N＞1管，不合格
2ml＜M＜6ml，警戒
M≤2ml，不合格","/","/","/"
"257","RSPM2022005","LK291","OncoScreen®Plus组织版","/","切片：
N＞10张，合格需反馈
小组织切片：
5张＜N＜8张，警戒
N≤5张，不合格
大组织切片：
N≤2张，不合格","暂存等通知","≤10张","/"
"258","RSPM2022005","LK340","捕获转录组测序(Capture-WTS)","/","切片：
N＞10张，合格需反馈
小组织切片：
5张＜N＜8张，警戒
N≤5张，不合格
大组织切片：
N≤2张，不合格","暂存等通知","≤10张","/"
"259","RSPM2022005","LK292","OncoCompass®Plus血浆版","/","全血：
2ml＜M＜6ml，警戒
M≤2ml，不合格","暂存等通知","/","/"
"260","RSPM2022012","LK291","OncoScreen®Plus组织版","/","切片：
N＞10张，合格需反馈
小组织切片：
5张＜N＜8张，警戒
N≤5张，不合格
大组织切片：
N≤2张，不合格","/","≤10张","/"
"261","RSPM2022012","LK167","燃石朗清®血浆版","/","全血：
2ml＜M＜6ml，警戒
M≤2ml，不合格","/","/","/"
"262","RSPM2022036","LK103","朗康®组织版","/","切片：
N＞10张，合格需反馈
小组织切片：
5张＜N＜8张，警戒
N≤5张，不合格
大组织切片：
N≤2张，不合格","1、筛选期（子宫内膜癌队列）：路径a
2、筛选期（非子宫内膜癌队列）：暂存等通知","≤10张","/"
"263","RSPM2022036","LK292","OncoCompass®Plus血浆版","/","全血：
2ml＜M＜6ml，警戒
M≤2ml，不合格","暂存等通知","/","/"
"264","RSPM2022034","LK101","燃石朗克®组织版","1、运送单研究编号为HRS-4642-I-101
2、以CNXXX进行签收","切片：
N＞10张，合格需反馈
小组织切片：
5张＜N＜8张，警戒
N≤5张，不合格
大组织切片：
N≤2张，不合格","暂存等通知","≤10张","/"
"265","RSPM2022034","LK167","燃石朗清®血浆版","1、运送单研究编号为HRS-4642-I-101
2、以CNXXX进行签收","/","暂存等通知","/","/"
"266","RSPM2022031","LK291","OncoScreen®Plus组织版","/","切片（N含H片）：
N＞10张，合格需反馈
小组织切片：
5张＜N＜8张，警戒
N≤5张，不合格
大组织切片：
N≤2张，不合格","暂存等通知","≤10张","/"
"267","RSPM2022031","LK167","燃石朗清®血浆版","/","全血：
2ml＜M＜6ml，警戒
M≤2ml，不合格","暂存等通知","/","/"
"268","RSPS2021022","LK521","OncoScreen®WES","/","一、切片（N含HE片）：
N＞10张，合格需反馈
小组织切片：
5张＜N＜8张，警戒
N≤5张，不合格
大组织切片：
N≤2张，不合格
二、组织样本共用要求：LK521与LK523不共用
三、EDTA全血：
M＜0.2ml，不合格
四、温控要求：
全血：10℃~30℃","1、切片：暂存等通知
2、全血：暂存等通知","切片：≤10张","/"
"269","RSPS2021022","LK523","OncoScreen®WES","/","一、切片（N含HE片）：
N＞10张，合格需反馈
小组织切片：
5张＜N＜8张，警戒
N≤5张，不合格
大组织切片：
N≤2张，不合格
二、组织样本共用要求：LK521与LK523不共用","暂存等通知","≤10张","/"
"270","RSPS2021022","LK046","ATM","/","组织样本共用要求：优先满足LK521和LK523，LK046与LK047共用1张HE片；当LK046和LK047均仅能分配各1张切片，可与LK521/LK523共用1张HE片","暂存等通知","≤2张","/"
"271","RSPS2021022","LK047","ARID1A","/","组织样本共用要求：优先满足LK521和LK523，LK046与LK047共用1张HE片；当LK046和LK047均仅能分配各1张切片，可与LK521/LK523共用1张HE片","暂存等通知","≤2张","/"
"272","RSPS2021022","LK292","OncoCompass®Plus血浆版","/","一、全血：
N＞1管，不合格
2ml＜M＜6ml，警戒
M≤2ml，不合格
二、温控要求：
全血：10℃~30℃","暂存等通知","/","/"
"273","RSPM2022033","LK291","OncoScreen®Plus组织版","/","切片：
N＞10张，合格需反馈
小组织切片：
5张＜N＜8张，警戒
N≤5张，不合格
大组织切片：
N≤2张，不合格","筛选期：路径a","≤10张","/"
"274","RSPM2022033","LK032","IHC/FISH定制版","/","外送检测，不需审核","/","/","/"
"275","RSPM2022033","LK292","OncoCompass®Plus血浆版","/","全血：
2ml＜M＜6ml，警戒
M≤2ml，不合格","1、筛选期：路径a
2、探索性研究：路径b","/","/"
"276","RSPM2021008","LK167","燃石朗清®血浆版","/","全血：
T＞3d需反馈
2ml＜M＜6ml，警戒
M≤2ml，不合格","/","/","/"
"277","RSPM2025016","LK534","燃卫宁®DNA","/","一、全血：
M≥3ml、2d＜T≤3d且符合温控要求，警戒
M＜3ml，不合格
T＞3d，不合格
运输温度＜2℃或＞8℃，不合格
二、温控要求：2℃~8℃","1、全血：路径a
2、DNA/白细胞：暂存等通知","/","/"
"278","RSPM2025016","LK533","燃卫宁®RNA","/","一、全血：
M≥3ml、2d＜T≤3d且符合温控要求，警戒
M＜3ml，不合格
T＞3d，不合格
运输温度＜2℃或＞8℃，不合格
二、温控要求：2℃~8℃","1、全血：路径a
2、DNA/白细胞：暂存等通知","/","/"
"279","RSPM2025025","LK030","KRAS","/","切片：
N＞10张，合格需反馈
N＜5张，不合格","暂存等通知","≤10张","/"
"280","RSPS2025002","LK309","OncoScreen®Plus组织版","/","切片：
N＞10张，合格需反馈
N≤2张，不合格","/","≤10张","/"
"281","RSPM2022018","LK521","OncoScreen®WES","/","一、切片：
N含空白玻片或HE片，反馈并暂停
N＞5张，合格需反馈
小组织切片：
2张＜N＜5张，警戒
N≤2张，不合格
大组织切片：
N≤2张，不合格
二、组织样本共用要求：
（1）LK521、LK335和LK041共用1张HE片，使用LK041的白片制备HE片
（2）LK521和LK335需共提，其中一单暂停，另一单同时暂停","暂存等通知","≤5张","/"
"282","RSPM2022018","LK335","全转录组测序(WTS)","/","一、切片：
N含空白玻片或HE片，反馈并暂停
N＞5张，合格需反馈
小组织切片：
2张＜N＜5张，警戒
N≤2张，不合格
大组织切片：
N≤2张，不合格
二、组织样本共用要求：
（1）LK521、LK335和LK041共用1张HE片，使用LK041的白片制备HE片
（2）LK521和LK335需共提，其中一单暂停，另一单同时暂停","暂存等通知","≤5张","/"
"283","RSPM2022018","LK041","MAP-BR定制版","/","一、切片：
N含空白玻片或HE片，反馈并暂停
二、组织样本共用要求：LK521、LK335和LK041共用1张HE片，使用LK041的白片制备HE片
三、优先满足MAP检测","2℃~8℃暂存等通知","3张","/"
"284","RSPM2022017","LK291","OncoScreen®Plus组织版","/","一、切片：
N含空白玻片或HE片，反馈并暂停
N＞9张，合格需反馈
小组织切片：
5张＜N＜8张，警戒
N≤5张，不合格
大组织切片：
N≤2张，不合格
二、蜡块","暂存等通知","≤9张","/"
"285","RSPM2022017","LK361","PD-L1(22c3)","/","一、切片：
N含空白玻片或HE片，反馈并暂停
N＞3张，合格需反馈
N＜2张，不合格
二、蜡块","暂存等通知","≤3张","/"
"286","RSPM2022017","LK292","OncoCompass®Plus血浆版","/","全血：
2ml＜M＜6ml，警戒
M≤2ml，不合格","暂存等通知","/","/"
"287","RSPL2022008","LK101","燃石朗克®组织版","/","切片：
N＞10张，合格需反馈
小组织切片：
5张＜N＜8张，警戒
N≤5张，不合格
大组织切片：
N≤2张，不合格","/","≤10张","/"
"288","RSPM2022022","LK291","OncoScreen®Plus组织版","/","切片：
N＞8张，合格需反馈
小组织切片：
5张＜N＜8张，警戒
N≤5张，不合格
大组织切片：
N≤2张，不合格","/","≤8张","/"
"289","RSPM2022024","LK101","燃石朗克®组织版","/","切片：
N＞8张，合格需反馈
小组织切片：
N＜5张，不合格
大组织切片：
N≤2张，不合格","暂存等通知","≤8张","/"
"290","RSPM2022024","LK291","OncoScreen®Plus组织版","/","切片：
N＞8张，合格需反馈
小组织切片：
N＜5张，不合格
大组织切片：
N≤2张，不合格","暂存等通知","≤8张","/"
"291","RSPM2022024","LK292","OncoCompass®Plus血浆版","/","全血：
2ml＜M＜6ml，警戒
M≤2ml，不合格","暂存等通知","/","/"
"292","RSPM2022026","LK292","OncoCompass®Plus血浆版","/","一、血浆：
1ml＜M＜3ml，警戒
M≤1ml，不合格
二、白细胞：
M＜0.2ml，不合格","暂存等通知","/","/"
"293","RSPM2022025","LK262","燃石朗克®CDx组织版","/","切片：
N＞10张，合格需反馈
小组织切片：
N≤8张，不合格
大组织切片：
N≤2张，不合格","/","≤10张","/"
"294","RSPM2022025","LK292","OncoCompass®Plus血浆版","/","一、全血：
2ml＜M＜6ml，警戒
M≤2ml，不合格
二、血浆
1ml＜M＜3ml，警戒
M≤1ml，不合格","/","/","/"
"295","RSPM2022003","LK291","OncoScreen®Plus组织版","/","切片（N含HE片）：
N＞10张，合格需反馈
小组织切片：
N≤5张，不合格
大组织切片：
N≤2张，不合格","/","1、小组织切片：≤10张
2、大组织切片：≤5张","/"
"296","RSPM2022003","LK292","OncoCompass®Plus血浆版","/","全血：
2ml＜M＜6ml，警戒
M≤2ml，不合格","/","/","/"
"297","RSPM2021003","LK170","燃石朗清®组织版","/","切片：
N＞10张，合格需反馈
小组织切片：
5张＜N＜8张，警戒
N≤5张，不合格
大组织切片：
N≤2张，不合格","暂存等通知","≤10张","/"
"298","RSPM2021003","LK167","燃石朗清®血浆版","/","全血：
2ml＜M＜6ml，警戒
M≤2ml，不合格","暂存等通知","/","/"
"299","RSPM2022013","LK521","OncoScreen®WES","/","一、切片（仅检测LK521）：
N＞10张，合格需反馈
小组织切片：
5张≤N＜10张，警戒
N＜5张，不合格
大组织切片：
2张≤N＜5张，警戒
N＜2张，不合格
二、切片（检测LK521、LK021和LK170）：
N＞20张，合格需反馈
小组织切片：
12张≤N＜15张，警戒
N＜12张，不合格
大组织切片：
2张≤N＜7张，警戒
N＜2张，不合格
三、组织样本共用要求：LK521、LK021和LK170共用样本
四、全血：
N＞2管，不合格
8ml≤M＜16ml且N≤2管，警戒
M＜8ml，不合格
五、血液样本若未标记受试者编号，反馈并暂停","1、切片：
基线期：路径a
筛选期：路径b
备注有“手术后组织样本，仅保存，暂无检测项目”：暂存等通知
2、全血：
检测申请单EGFR状态未知：路径b
检测申请单EGFR状态阳性：路径a","1、切片（仅检测LK521）：≤10张
2、切片（检测LK521+LK021+LK170）：≤20张
3、全血：≤2管","/"
"300","RSPM2022013","LK021","EGFR","/","一、切片：
N＞20张，合格需反馈
小组织切片：
12张≤N＜15张，警戒
N＜12张，不合格
大组织切片：
2张≤N＜7张，警戒
N＜2张，不合格
二、组织样本共用要求：LK521、LK021和LK170共用样本","/","≤20张","/"
"301","RSPM2022013","LK170","燃石朗清®组织版","/","一、切片：
N＞20张，合格需反馈
小组织切片：
12张≤N＜15张，警戒
N＜12张，不合格
大组织切片：
2张≤N＜7张，警戒
N＜2张，不合格
二、组织样本共用要求：LK521、LK021和LK170共用样本","筛选期：路径b","≤20张","/"
"302","RSPM2022013","LK183","燃小安®","/","一、全血：
M＜8ml，不合格
二、样本若未标记受试者编号，反馈并暂停","路径b","/","/"
"303","RSPM2022013","LK522","朗微®-MRD","/","一、全血：
N＞2管，不合格
8ml≤M＜16ml且N≤2管，警戒
M＜8ml，不合格
二、样本若未标记受试者编号，反馈并暂停","1、基线期，检测申请单EGFR状态未知：路径b
2、基线期，检测申请单EGFR状态阳性：路径a
3、非基线期：路径a","≤2管","/"
"304","RSPM2022013","LK176","燃石朗清®血浆版UMI","/","一、到样后反馈
二、样本若未标记受试者编号，反馈并暂停","暂存等通知","/","SSP未生效"
"305","RSPM2022013","LK526","朗微®LITE-MRD","/","一、到样后反馈
二、样本若未标记受试者编号，反馈并暂停","暂存等通知","/","SSP未生效"
"306","RSPS2022004","LK291","OncoScreen®Plus组织版","/","一、切片：
N＞15张，合格需反馈
小组织切片：
5张＜N＜8张，警戒
N≤5张，不合格
大组织切片：
N≤2张，不合格
二、温控要求：10℃~30℃","1、筛选期：路径a
2、其余访视节点：暂存等通知","≤15张","/"
"307","RSPS2022004","LK167","燃石朗清®血浆版","/","一、全血：
2ml＜M＜6ml，警戒
M≤2ml，不合格
二、温控要求：10℃~30℃","1、筛选期：路径a
2、其余访视节点：暂存等通知","/","/"
"308","RSPS2022004","LK106","燃石朗清®CDx血浆版","/","一、全血：
M≤5ml，不合格
二、温控要求：10℃~30℃","1、筛选期：路径a
2、其余访视节点：暂存等通知","/","/"
"309","RSPM2021012","LK521","OncoScreen®WES","1、运送单研究编号为SHR-1316-III-303
2、以CNXXX进行签收","切片：
N＞10张，合格需反馈
小组织切片：
5张＜N＜10张，警戒
N≤5张，不合格
大组织切片：
2张＜N＜6张，警戒
N≤2张，不合格","暂存等通知","1、小组织切片：10张
2、大组织切片：≤10张","/"
"310","RSPM2021012","LK522","朗微®-MRD","1、运送单研究编号为SHR-1316-III-303
2、以CNXXX进行签收","白细胞：
M＜0.2ml，不合格","暂存等通知","/","/"
"311","RSPM2022002","LK167","燃石朗清®血浆版","/","全血：
2ml/管＜M＜6ml/管，警戒
M≤2ml/管，不合格","暂存等通知","/","/"
"312","RSPM2021005","LK524","OncoScreen®WES定制版","/","切片：
N＜1张，不合格","暂存等通知","/","/"
"313","RSPM2021005","LK291","OncoScreen®Plus组织版","/","切片：
N＜1张，不合格","暂存等通知","/","/"
"314","RSPM2021005","LK601","OncoRNA","/","切片：
N＜1张，不合格","暂存等通知","/","/"
"315","RSPM2021005","LK292","OncoCompass®Plus血浆版","/","/","暂存等通知","/","/"
"316","RSPM2022004","LK523","OncoScreen®WES","/","切片：
N＞10张，合格需反馈
小组织切片：
5张＜N＜8张，警戒
N≤5张，不合格
大组织切片：
N≤2张，不合格","暂存等通知","≤10张","/"
"317","RSPM2022004","LK041","MAP-BR定制版","/","切片：
N＞10张，合格需反馈
小组织切片：
5张＜N＜8张，警戒
N≤5张，不合格
大组织切片：
N≤2张，不合格","暂存等通知","≤10张","/"
"318","RSPM2022004","LK335","全转录组测序(WTS)","/","切片：
N＞10张，合格需反馈
小组织切片：
5张＜N＜8张，警戒
N≤5张，不合格
大组织切片：
N≤2张，不合格","暂存等通知","≤10张","/"
"319","RSPM2022009","LK297","OncoScreen®PlusCDx组织版","/","一、切片：
N＞10张，合格需反馈
小组织切片：
N≤8张，不合格
大组织切片：
N≤2张，不合格
二、全血：
M＜0.2ml，不合格","/","切片：≤10张","/"
"320","RSPS2021016","LK167","燃石朗清®血浆版","/","一、全血：
T＞3d，合格需反馈
2ml＜M＜6ml，警戒
M≤2ml，不合格
二、申请单审核时如出现以下情况，反馈后继续流转：
（1）样本类型、访视节点未勾选
（2）取样时间、出生日期、临床诊断等未填写
（3）送检人信息（姓名、电话、邮箱等）模糊","/","/","/"
"321","RSPM2021014","LK291","OncoScreen®Plus组织版","/","小组织切片：
N≤5张，不合格
大组织切片：
N＞5张需反馈
N≤2张，不合格","暂存等通知","/","/"
"322","RSPM2021014","LK292","OncoCompass®Plus血浆版","/","/","暂存等通知","/","/"
"323","RSPM2021016","LK291","OncoScreen®Plus组织版","/","一、切片：
N含空白玻片或HE片，反馈并暂停
N＞15张，合格需反馈
小组织切片：
5张＜N≤10张，警戒，暂停流转
N≤5张，不合格
大组织切片：
2张＜N≤5张，警戒，暂停流转
N≤2张，不合格
二、组织样本共用要求：
（1）优先满足LK041；LK291、LK601与LK041共用1张HE，使用LK291与LK601的共用白片制备HE片
（2）LK291与LK601共用样本，其中一单暂停，另一单同时暂停
三、温控要求：10℃~30℃","暂存等通知","N-2张且≤13张","/"
"324","RSPM2021016","LK601","OncoRNA","/","一、切片：
N含空白玻片或HE片，反馈并暂停
N＞15张，合格需反馈
小组织切片：
5张＜N≤10张，警戒，暂停流转
N≤5张，不合格
大组织切片：
2张＜N≤5张，警戒，暂停流转
N≤2张，不合格
二、组织样本共用要求：
（1）优先满足LK041；LK291、LK601与LK041共用1张HE，使用LK291与LK601的共用白片制备HE片
（2）LK291与LK601共用样本，其中一单暂停，另一单同时暂停
三、温控要求：10℃~30℃","暂存等通知","N-2张且≤13张","/"
"325","RSPM2021016","LK041","MAP-BR定制版","/","一、切片：
N含空白玻片或HE片，反馈并暂停
N＞15张，合格需反馈
小组织切片：
5张＜N≤10张，警戒，暂停流转
N≤5张，不合格
大组织切片：
2张＜N≤5张，警戒，暂停流转
N≤2张，不合格
二、组织样本共用要求：
（1）优先满足LK041；LK291、LK601与LK041共用1张HE，使用LK291与LK601的共用白片制备HE片
（2）LK291与LK601共用样本，其中一单暂停，另一单同时暂停
三、温控要求：10℃~30℃","暂存等通知","2张","/"
"326","RSPM2021016","LK292","OncoCompass®Plus血浆版","/","一、全血：
2ml＜M＜6ml，警戒
M≤2ml，不合格
二、温控要求：10℃~30℃","暂存等通知","/","/"
"327","RSPM2021017","LK291","OncoScreen®Plus组织版","/","切片：
小组织切片：
4张＜N＜7张，警戒
N≤4张，不合格
大组织切片：
N≤1张，不合格","暂存等通知","≤7张","/"
"328","RSPM2021017","LK524","OncoScreen®WES定制版","/","切片：
小组织切片：
4张＜N＜7张，警戒
N≤4张，不合格
大组织切片：
N≤1张，不合格","暂存等通知","≤7张","/"
"329","RSPM2021017","LK521","OncoScreen®WES","/","切片：
小组织切片：
4张＜N＜7张，警戒
N≤4张，不合格
大组织切片：
N≤1张，不合格","暂存等通知","≤7张","/"
"330","RSPM2021017","LK601","OncoRNA","/","切片：
小组织切片：
4张＜N＜7张，警戒
N≤4张，不合格
大组织切片：
N≤1张，不合格","暂存等通知","≤7张","/"
"331","RSPM2021017","LK522","朗微®-MRD","/","/","暂存等通知","/","/"
"332","RSPM2021017","LK292","OncoCompass®Plus血浆版","/","/","暂存等通知","/","/"
"333","RSPS2021018","LK106","燃石朗清®CDx血浆版","/","一、全血：
M＜5ml，不合格
二、温控要求：15℃~25℃","1、筛选期：路径a
2、其余访视节点：暂存等通知","/","/"
"334","RSPS2021018","LK101","燃石朗克®组织版","/","一、胸水：
X≤3ml，不合格
二、温控要求：15℃~25℃","1、筛选期：路径a
2、其余访视节点：暂存等通知","/","/"
"335","RSPS2021007","LK262","燃石朗克®CDx组织版","/","一、切片：
N＞15张，合格需反馈
小组织切片：
N＜5张，不合格
大组织切片：
N＜3张，不合格
二、温控要求：10℃~30℃","1、备注为II期：路径a
2、其他：暂存等通知","≤15张","/"
"336","RSPS2020017","LK291","OncoScreen®Plus组织版","/","一、切片：
N＞10张，合格需反馈
小组织切片：
5张＜N＜8张，警戒
N≤5张，不合格
大组织切片：
N≤2张，不合格
二、组织样本共用要求：
1、I期、Ⅱ期Cohort1：LK291与LK601共用样本，需双提
2、其余访视节点：单提","1、I期、II期Cohort2、Cohort4、Cohort5：暂存等通知
2、Ⅱ期Cohort1：
勾选LK601：LK291路径b，LK601路径a
勾选LK291：LK291路径a，LK601路径b","1、I期、II期Cohort1：≤10张
2、Ⅱ期Cohort2、Cohort4、Cohort5：
小组织样本：≤10张
大组织样本：5张","/"
"337","RSPS2020017","LK601","OncoRNA","/","一、切片：
N＞10张，合格需反馈
小组织切片：
5张＜N＜8张，警戒
N≤5张，不合格
大组织切片：
N≤2张，不合格
二、组织样本共用要求：LK291与LK601共用样本，需双提","1、I期：暂存等通知
2、Ⅱ期Cohort1：
勾选LK601：LK291路径b，LK601路径a
勾选LK291：LK291路径a，LK601路径b","≤10张","/"
"338","RSPS2020017","LK262","燃石朗克®CDx组织版","/","切片：
N＞10张，合格需反馈
小组织切片：
N＜5张，不合格
大组织切片：
N＜2张，不合格","暂存等通知","≤10张","/"
"339","RSPS2020017","LK167","燃石朗清®血浆版","/","全血：
N＞2管，不合格
M＞10ml，不合格
2ml＜M＜6ml，警戒
M≤2ml，不合格","暂存等通知","/","/"
"340","RSPM2025039","LK305","OncoScreen®ParpMatchProCDx组织版","/","切片：
N＞10张，合格需反馈
小组织切片：
N＜8张，不合格
大组织切片：
N＜2张，不合格","暂存等通知","≤10张","/"
"341","RSPM2025039","LK306","OncoCompass®Plus血浆版UMI","/","/","暂存等通知","/","/"
"342","RSPM2025038","LK311","OncoCompass®Plus血浆版","/","全血：
2ml/管＜M＜6ml/管，警戒
M≤2ml/管，不合格","/","/","/"
"343","RSPM2025036","LK524","OncoScreen®WES定制版","/","到样后反馈","暂存等通知","/","SSP未生效"
"344","RSPM2025036","LK091","RNA提取","/","到样后反馈","暂存等通知","/","SSP未生效"
"345","RSPM2025036","LK292","OncoCompass®Plus血浆版","/","到样后反馈","暂存等通知","/","SSP未生效"
"346","RSPM2025042","LK101","燃石朗克®组织版","/","切片：
N＞5张，合格需反馈
小组织切片：
N≤4张，不合格
大组织切片：
N≤2张，不合格","/","1、小组织切片：5张
2、大组织切片：≤5张","/"
"347","RSPM2025042","LK167","燃石朗清®血浆版","/","全血：
M＜6ml，不合格","/","/","/"
"348","RSPM2025043","LK291","OncoScreen®Plus组织版","/","一、切片：
N＞10张，不合格
小组织切片：
5张＜N＜8张，警戒
N≤5张，不合格
大组织切片：
N≤2张，不合格
二、温控要求：0℃-30℃","/","≤10张","/"
"349","RSPM2025015","LK291","OncoScreen®Plus组织版","/","一、Pre-SCRNTS筛选期切片：
N＞15张，合格需反馈
小组织切片：
5张＜N＜8张，警戒
N≤5张，不合格
大组织切片：
N≤2张，不合格
二、PR/PD探索性切片：
N＞10张，合格需反馈
小组织切片：
5张＜N＜8张，警戒
N≤5张，不合格
大组织切片：
N≤2张，不合格","1、国内样本：
“是”出报告：路径a
“否”出报告：暂存等通知
2、国外样本：暂存等通知","1、（Pre-）SCRNTS筛选期组织：≤15张
2、PR/PD探索性组织：≤10张","/"
"350","RSPM2025015","LK292","OncoCompass®Plus血浆版","/","/","1、国内样本：
“是”出报告：路径a
“否”出报告：路径b
2、国外样本：暂存等通知","/","/"
"351","RSPM2025035","LK361","PD-L1(22c3)","/","切片：
N＜2张，不合格","暂存等通知","≤5张","/"
"352","RSPM2024021","LK292","OncoCompass®Plus血浆版","/","血浆/白细胞","暂存等通知","/","/"
"353","RSPM2024021","LK306","OncoCompass®Plus血浆版UMI","/","血浆/白细胞","暂存等通知","/","/"
"354","RSPM2022050","LK167","燃石朗清®血浆版","/","/","暂存等通知","/","/"
"355","RSPM2024071","LK167","燃石朗清®血浆版","/","/","暂存等通知","/","/"
"356","RSPM2023017","LK291","OncoScreen®Plus组织版","/","一、切片：
N含空白玻片或HE片，反馈并暂停
N＞10张，合格需反馈
小组织切片：
5张≤N＜8张，警戒
N＜5张，不合格
大组织切片：
N＜2张，不合格
二、组织样本共用要求：
（1）LK291、LK340和LK041共用1张HE片，使用LK291、LK340的白片制备HE片
（2）LK291与LK340需共提，其中一单暂停，另一单同时暂停
三、温控要求：
切片：10℃~30℃
全血：-60℃~-80℃","1、切片：-15℃~-25℃暂存等通知
2、全血：暂存等通知","切片：≤10张","/"
"357","RSPM2023017","LK340","捕获转录组测序(Capture-WTS)","/","一、切片：
N含空白玻片或HE片，反馈并暂停
N＞10张，合格需反馈
小组织切片：
5张≤N＜8张，警戒
N＜5张，不合格
大组织切片：
N＜2张，不合格
二、组织样本共用要求：
（1）LK291、LK340和LK041共用1张HE片，使用LK291、LK340的白片制备HE片
（2）LK291与LK340需共提，其中一单暂停，另一单同时暂停
三、温控要求：10℃~30℃","-15℃~-25℃暂存等通知","≤10张","/"
"358","RSPM2023017","LK041","MAP-BR定制版","/","一、切片：
N含空白玻片或HE片，反馈并暂停
N=2张，合格需反馈
N＞3张，不合格
N＜2张，不合格
二、组织样本共用要求：LK291、LK340和LK041共用1张HE片，使用LK291、LK340的白片制备HE片
三、温控要求：10℃~30℃","-15℃~-25℃暂存等通知","3张","/"
"359","RSPM2022007","LK167","燃石朗清®血浆版","/","/","暂存等通知","/","/"
"360","RSPM2022032","LK167","燃石朗清®血浆版","/","血浆/DNA","暂存等通知","/","/"
"361","RSPM2023053","LK292","OncoCompass®Plus血浆版","/","/","暂存等通知","/","/"
"362","RSPS2021015","LK106","燃石朗清®CDx血浆版","/","/","暂存等通知","/","/"
"363","RSPL2021003","LK021","EGFR","/","/","/","1、小组织切片：10张
2、大组织切片：5张","无SSP"
"364","RSPL2021003","LK081","EGFR-ddPCR","/","/","1、组织：路径a
2、全血：路径b","1、小组织切片：10张
2、大组织切片：5张","无SSP"
"365","RSPL2021003","LK170","燃石朗清®组织版","/","/","/","1、小组织切片：10张
2、大组织切片：5张","无SSP"
"366","RSPL2021003","LK167","燃石朗清®血浆版","/","/","/","/","无SSP"
"367","RSPL2021004","LK021","EGFR","/","/","/","1、小组织切片：10张
2、大组织切片：5张","无SSP"
"368","RSPL2021004","LK081","EGFR-ddPCR","/","/","1、组织：路径a
2、全血：路径b","1、小组织切片：10张
2、大组织切片：5张","无SSP"
"369","RSPL2021004","LK170","燃石朗清®组织版","/","/","/","1、小组织切片：10张
2、大组织切片：5张","无SSP"
"370","RSPL2021004","LK167","燃石朗清®血浆版","/","/","/","/","无SSP"
"371","RSPL2022006","LK041","MAP-BR定制版","/","一、每例送检10张切片，3张-15℃~-25℃保存；7张常温保存；
二、-15℃~-25℃保存的切片批量检测mIHC","暂存等通知","/","无SSP"
"372","RSPM2025022","LK294","OncoScreen®PlusCDx组织版","1、由实验室贴M码
2、查询微文档是否有指定M码
3、申请单研究编号为D6187C00001
4、LK294与LK340共用样本，贴2个M码","一、切片：
N＞10张，合格需反馈
N＜2张，不合格
二、组织样本共用要求：LK294和LK340共用样本
三、申请单审核如有以下情况，反馈并暂停：
（1）访视节点不是PROSPECTIVE AGA 
SLIDES或PROSPECTIVE AGA
SLIDES TO BR
（2）癌种非肺癌
（3）是否出具报告：否
四、无需反馈情况：
（1）申请单RequisitionCompletedTime：00:01，系统默认不录入；
（2）申请单SpecimenType：UnstainedSlides，系统默认录入为切片","1、需双提
2、有邮件通知，则按通知要求","≤10张","/"
"373","RSPM2025022","LK340","捕获转录组测序(Capture-WTS)","1、由实验室贴M码
2、查询微文档是否有指定M码
3、申请单研究编号为D6187C00001
4、LK294与LK340共用样本，贴2个M码","一、切片：
N＞10张，合格需反馈
N＜2张，不合格
二、组织样本共用要求：LK294和LK340共用样本
三、申请单审核如有以下情况，反馈并暂停：
（1）访视节点不是PROSPECTIVEAGASLIDES或PROSPECTIVEAGASLIDESTOBR
（2）癌种非肺癌
（3）是否出具报告：是
四、无需反馈情况：
（1）申请单RequisitionCompletedTime：00:01，系统默认不录入；
（2）申请单SpecimenType：UnstainedSlides，系统默认录入为切片","1、需双提
2、有邮件通知，则按通知要求","≤10张","/"
"374","RSPM2025022","LK195","燃石朗清®血浆升级版UMI","/","血浆/白细胞","暂存等通知","/","/"
"375","RSPM2025030","LK196","燃石朗清®Pro血浆版UMI","/","一、全血：
N>1管，不合格
2ml＜M＜6ml，警戒
M≤2ml，不合格
二、血浆/DNA","1、全血：路径b
2、血浆/DNA：暂存等通知","/","/"
"376","RSPM2025041","LK170","燃石朗清®组织版","/","一、切片：
N＞10张，合格需反馈，暂停流转
小组织切片：
5张＜N＜8张，警戒
N≤5张，不合格
大组织切片：
N≤2张，不合格
二、温控要求：10℃~30℃","暂存等通知","≤10张","/"
"377","RSPM2025041","LK167","燃石朗清®血浆版","/","一、全血：
2ml＜M＜6ml，警戒
M≤2ml，不合格
二、温控要求：10℃~30℃","/","/","/"
"378","RSPM2025046","LK170","燃石朗清®组织版","/","一、切片：
N含空白玻片或HE片，反馈并暂停
小组织切片：
N＞10张，合格需反馈
5张＜N＜8张，警戒
N≤5张，不合格
大组织切片：
N＞5张，合格需反馈
N=2张，警戒
N＜2张，不合格
二、温控要求：15℃~25℃","暂存等通知","1、小组织切片：≤10张
2、大组织切片：≤5张","/"
"379","RSPM2025046","LK167","燃石朗清®血浆版","/","一、血浆
二、温控要求：-20℃~-100℃","暂存等通知","/","/"
"380","RSPM2024045","LK527","OncoScreen®WES","/","一、切片（N含HE片）：
N含空白玻片或HE片，反馈并暂停
N＞12张，合格需反馈
小组织切片：
5张＜N＜8张，警戒
N≤5张，不合格
大组织切片：
N≤2张，不合格
二、全血：
M＜0.2ml，不合格
三、温控要求：
切片：2℃~8℃
全血：干冰（有温度计）","1、切片：2℃~8℃暂存等通知
2、全血：路径b","切片：≤12张","/"
"381","RSPM2024045","LK340","捕获转录组测序(Capture-WTS)","/","一、切片（N含HE片）：
N含空白玻片或HE片，反馈并暂停
N＞12张，合格需反馈
小组织切片：
5张＜N＜8张，警戒
N≤5张，不合格
大组织切片：
N≤2张，不合格
二、温控要求：2℃~8℃","2℃~8℃暂存等通知","切片：≤12张","/"
"382","RSPM2025044","LK170","燃石朗清®组织版","/","切片：
N＞10张，合格需反馈
小组织切片：
5张＜N＜8张，警戒
N≤5张，不合格
大组织切片：
N≤2张，不合格","/","≤10张","/"
"383","RSPM2025044","LK167","燃石朗清®血浆版","/","全血：
2ml＜M＜6ml，警戒
M≤2ml，不合格","/","/","/"
"384","RSPM2025044","LK090","gDNA提取","/","/","/","/","/"
"385","RSPS2024004","LK262","燃石朗克®CDx组织版","/","到样后反馈","暂存等通知","/","SSP未生效"
"386","RSPL2023009","LK264","燃石朗克®CDx组织版","/","到样后反馈","暂存等通知","/","SSP未生效"
"387","RSPL2024001","LK525","OncoScreen®WES定制版","/","/","暂存等通知","/","无SSP"
"388","RSPL2024001","LK335","全转录组测序(WTS)","/","/","暂存等通知","/","无SSP"
"389","RSPL2024003","LK167","燃石朗清®血浆版","/","/","暂存等通知","/","无SSP"
"390","RSKY2023065","LK291","OncoScreen®Plus组织版","/","/","/","/","无SSP"
"391","RSKY2023065","LK335","全转录组测序(WTS)","/","/","1、销售备注“转移灶”：路径a
2、其他：路径b","/","无SSP"
"392","RSPM2025052","LK291","OncoScreen®Plus组织版","1、由实验室贴M码
2、LK291与LK340共用样本，贴2个M码","一、切片（N含HE片）：
N含空白玻片或HE片，暂停
N＞10张，合格需反馈
小组织切片：
5张＜N＜8张，警戒
N≤5张，不合格
大组织切片：
N≤2张，不合格
二、组织样本共用要求：LK291与LK340共用样本，其中一单暂停，另一单需同时暂停","/","≤10张","/"
"393","RSPM2025052","LK340","捕获转录组测序(Capture-WTS)","1、由实验室贴M码
2、LK291与LK340共用样本，贴2个M码","一、切片（N含HE片）：
N含空白玻片或HE片，暂停
N＞10张，合格需反馈
小组织切片：
5张＜N＜8张，警戒
N≤5张，不合格
大组织切片：
N≤2张，不合格
二、组织样本共用要求：LK291与LK340共用样本，其中一单暂停，另一单需同时暂停","/","≤10张","/"
"394","RSPM2025052","LK292","OncoCompass®Plus血浆版","由实验室贴M码","一、全血：
2ml＜M＜6ml，警戒
M≤2ml，不合格
二、温控要求：15℃~25℃","/","/","/"
"395","RSPM2025053","LK291","OncoScreen®Plus组织版","1、由实验室贴M码
2、LK291与LK340共用样本，贴2个M码","一、切片（N含HE片）：
N含空白玻片或HE片，暂停
N＞10张，合格需反馈
小组织切片：
5张＜N＜8张，警戒
N≤5张，不合格
大组织切片：
N≤2张，不合格
二、组织样本共用要求：LK291与LK340共用样本，其中一单暂停另一单需同时暂停","/","≤10张","/"
"396","RSPM2025053","LK340","捕获转录组测序(Capture-WTS)","1、由实验室贴M码
2、LK291与LK340共用样本，贴2个M码","一、切片（N含HE片）：
N含空白玻片或HE片，暂停
N＞10张，合格需反馈
小组织切片：
5张＜N＜8张，警戒
N≤5张，不合格
大组织切片：
N≤2张，不合格
二、组织样本共用要求：LK291与LK340共用样本，其中一单暂停另一单需同时暂停","/","≤10张","/"
"397","RSPM2025053","LK292","OncoCompass®Plus血浆版","由实验室贴M码","一、全血：
2ml＜M＜6ml，警戒
M≤2ml，不合格
二、温控要求：15℃~25℃","/","/","/"
"398","RSPM2025024","LK527","OncoScreen®WES","/","一、切片（N含HE片）：
N含空白玻片或HE片，暂停
N＞12张，合格需反馈
小组织切片：
5张＜N＜8张，警戒
N≤5张，不合格
大组织切片：
N≤2张，不合格
二、组织样本共用要求：LK527与LK340共用
三、全血：
M＜0.2ml，不合格
四、温控要求：
切片：2℃~8℃","1、切片：2℃~8℃暂存等通知
2、全血：路径b","切片：≤12张","/"
"399","RSPM2025024","LK340","捕获转录组测序(Capture-WTS)","/","一、切片（N含HE片）：
N含空白玻片或HE片，暂停
N＞12张，合格需反馈
小组织切片：
5张＜N＜8张，警戒
N≤5张，不合格
大组织切片：
N≤2张，不合格
二、组织样本共用要求：LK527与LK340共用
三、温控要求：2~8℃","2℃~8℃暂存等通知","≤12张","/"
"400","RSPM2025031","LK101","燃石朗克®组织版","/","切片（N含HE片）：
N＞10张，合格需反馈
小组织切片：
5张＜N＜8张，警戒
N≤5张，不合格
大组织切片：
N≤2张，不合格","1、申请单到位即检：路径a
2、申请单批量检测：暂存等通知","≤10张","/"
"401","RSPM2025031","LK167","燃石朗清®血浆版","/","全血：
2ml＜M＜6ml，警戒
M≤2ml，不合格","1、申请单到位即检：路径a
2、申请单批量检测：路径b","/","/"
"402","RSPL2025011","LK170","燃石朗清®组织版","/","DNA","暂存等通知","/","/"
"403","RSPL2025011","LK550","OverC®Monitor-01","/","血浆/DNA","暂存等通知","/","/"
"404","RSPM2025051","LK170","燃石朗清®组织版","/","切片：
N＞10张，合格需反馈
小组织切片：
5张＜N＜8张，警戒
N≤5张，不合格
大组织切片：
N≤2张，不合格","1、探索研究：暂存等通知
2、主研究或主研究&探索研究：路径a","≤10张","/"
"405","RSTL2021023","LK521","OncoScreen®WES","/","不卡控知情","1、切片：暂存等通知
2、白细胞：到位与项目组确认","/","/"
"406","RSTL2021023","LK522","朗微®-MRD","/","不卡控知情","/","/","/"
"407","RSKY2023018","LK521","OncoScreen®WES","/","切片：
N≤5张，不合格","暂存等通知","/","/"
"408","RSKY2023018","LK522","朗微®-MRD","/","/","/","/","/"
"409","RSPM2025055","LK170","燃石朗清®组织版","/","一、切片：
N含空白玻片或HE片，反馈并暂停
小组织切片：
N＞10张，合格需反馈
5张＜N＜8张，警戒
N≤5张，不合格
大组织切片：
N＞5张，合格需反馈
N=2张，警戒
N＜2张，不合格
二、蜡块","暂存等通知","1、小组织切片：≤10张
2、大组织切片：≤5张","/"
"410","RSPM2025055","LK167","燃石朗清®血浆版","/","一、血浆
二、温控要求：-60℃~-100℃","暂存等通知","/","/"
"411","RSPM2025054","LK291","OncoScreen®Plus组织版","/","一、切片（N含HE片）：
N含空白玻片或HE片，暂停
N＞10张，合格需反馈
小组织切片：
5张＜N＜8张，警戒
N≤5张，不合格
大组织切片：
N≤2张，不合格
二、组织样本共用要求：LK291与LK340共用样本，其中一单暂停另一单需同时暂停
三、EDTA全血：
N>1管，不合格
M＜0.2ml，不合格","/","切片：≤10张","/"
"412","RSPM2025054","LK340","捕获转录组测序(Capture-WTS)","/","一、切片（N含HE片）：
N含空白玻片或HE片，暂停
N＞10张，合格需反馈
小组织切片：
5张＜N＜8张，警戒
N≤5张，不合格
大组织切片：
N≤2张，不合格
二、组织样本共用要求：LK291与LK340共用样本，其中一单暂停另一单需同时暂停","/","≤10张","/"
"413","RSPM2025037","LK309","OncoScreen®Plus组织版","/","切片：
N＜1张，不合格","暂存等通知","≤10张","/"
"414","RSPM2025037","LK091","RNA提取","/","切片：
N＜1张，不合格","暂存等通知","≤10张","/"
"415","RSPM2025037","LK292","OncoCompass®Plus血浆版","/","/","暂存等通知","≤10张","/"
"416","RSPM2025056","LK340","捕获转录组测序(Capture-WTS)","/","一、切片：
N＞10张，合格需反馈
小组织切片：
5张＜N＜8张，警戒
N≤5张，不合格
大组织切片：
N≤2张，不合格
二、组织样本共用要求：
（1）基线期：LK521和LK340共用1张HE片
（2）其余访视节点：LK090和LK340共用1张HE片
（3）双提","/","≤10张","/"
"417","RSPM2025056","LK521","OncoScreen®WES","/","一、切片：
N＞10张，合格需反馈
小组织切片：
5张＜N＜8张，警戒
N≤5张，不合格
大组织切片：
N≤2张，不合格
二、组织样本共用要求：
（1）基线期：LK521和LK340共用1张HE片
（2）其余访视节点：LK090和LK340共用1张HE片
（3）双提
三、全血：
N＞1管，不合格
M＜8ml，不合格","/","1、切片：≤10张
2、全血：1管","/"
"418","RSPM2025056","LK522","朗微®-MRD","/","全血：
N＞1管，不合格
M＜8ml，不合格","/","1管","/"
"419","RSPM2025056","LK090","gDNA提取","/","一、切片：
N＞10张，合格需反馈
小组织切片：
5张＜N＜8张，警戒
N≤5张，不合格
大组织切片：
N≤2张，不合格
二、组织样本共用要求：
（1）基线期：LK521和LK340共用1张HE片
（2）其余访视节点：LK090和LK340共用1张HE片
（3）双提","/","≤10张","/"
"420","RSPM2025058","LK167","燃石朗清®血浆版","/","一、全血：
M＜6ml，不合格
二、温控要求：15℃~25℃","/","/","/"
"421","RSPM2025058","LK170","燃石朗清®组织版","/","切片：
N＞10张，不合格
小组织切片：
5张＜N＜8张，警戒
N≤5张，不合格
大组织切片：
N≤2张，不合格","/","≤10张","/"
"422","RSPM2025059","LK194","燃石朗清®Pro血浆版UMI","/","一、全血：
N＞1管，不合格
2ml＜M＜6ml，警戒
M≤2ml，不合格","/","/","/"
"423","RSPM2025061","LK291","OncoScreen®Plus组织版","/","一、切片（N含HE片）：
N＞11张，合格需反馈
小组织切片：
5张＜N＜8张，警戒
N≤5张，不合格
大组织切片：
N≤2张，不合格
二、组织样本共用要求：LK291与LK091共用样本，其中一单暂停，另一单同时暂停
三、DNA","暂存等通知","≤11张","/"
"424","RSPM2025061","LK091","RNA提取","/","一、切片（N含HE片）：
N＞11张，合格需反馈
小组织切片：
5张＜N＜8张，警戒
N≤5张，不合格
大组织切片：
N≤2张，不合格
二、组织样本共用要求：LK291与LK091共用样本，其中一单暂停，另一单同时暂停
三、DNA","暂存等通知","≤11张","/"
"425","RSPM2025061","LK292","OncoCompass®Plus血浆版","/","一、白细胞：
M＜0.2ml，不合格
二、血浆/DNA","暂存等通知","/","/"
"426","RSPM2025062","LK167","燃石朗清®血浆版","/","一、全血：
M＜6ml，不合格
二、“是否生成报告”以系统录入为准，申请单与系统不一致时无需反馈","/","/","/"
"427","RSPM2025063","LK118","燃石馥康®组织版","/","切片（N含HE片）：
N＞10张，合格需反馈
小组织切片：
5张＜N＜8张，警戒
N≤5张，不合格
大组织切片：
N≤2张，不合格","1、申请单“NGS检测目的”为单例检测：路径a
2、申请单“NGS检测目的”为批量检测：暂存待通知","≤10张","/"
"428","RSPM2025063","LK206","燃石馥康®血浆版","/","全血：
2ml＜M＜6ml，警戒
M≤2ml，不合格","1、申请单“NGS检测目的”为单例检测：路径a
2、申请单“NGS检测目的”为批量检测：路径b","/","/"
"429","RSPM2025065","LK291","OncoScreen®Plus组织版","/","一、切片（N含HE片）：
N＞10张，合格需反馈
小组织切片：
5张＜N＜8张，警戒
N≤5张，不合格
大组织切片：
N≤2张，不合格
二、组织样本共用要求：LK291和LK361共用1张HE片，使用LK291的白片制备HE片（送检时间可能存在先后，将按照先送检的样本录单货号确认）","暂存等通知","≤10张","/"
"430","RSPM2025065","LK361","PD-L1(22c3)","/","一、切片：
N≠3张需反馈
二、组织样本共用要求：LK291和LK361共用1张HE片，使用LK291的白片制备HE片（送检时间可能存在先后，将按照先送检的样本录单货号确认）","暂存等通知","1张","/"
"431","RSPM2025067","LK106","燃石朗清®CDx血浆版","/","到样后反馈","暂存等通知","/","SSP未生效"
"432","RSKY2025028","LK340","捕获转录组测序(Capture-WTS)","/","/","路径b","/","/"
"433","RSPM2025069","LK292","OncoCompass®Plus血浆版","/","血浆/白细胞/DNA","暂存等通知","/","/"
"434","RSPM2025023","LK295","OncoScreen®PlusCDx组织版","/","一、切片：
N＞15张，合格需反馈
小组织切片：
N＜8张，不合格
大组织切片：
N≤2张，不合格
二、温控要求：10℃~30℃","暂存等通知","1、小组织切片：≤15张
2、大组织切片：≤10张","/"
"435","RSPS2025003","LK308","OncoScreen®Plus组织升级版","/","一、切片：
N＞20张，合格需反馈
小组织切片：
10张＜N＜16张，警戒
N≤10张，不合格
大组织切片：
N≤4张，不合格
二、新鲜组织/蜡块/冰冻组织
三、温控要求：
切片/蜡块/新鲜组织：6℃~30℃
DNA/冰冻组织/全血：干冰","1、单例：路径a
2、批量送检：暂存等通知（RNA-later保存液新鲜组织2℃~8℃暂存）
3、不做病理评估","≤20张","/"
"436","RSPS2025003","LK291","OncoScreen®Plus组织版","/","温控要求：
DNA/全血/白细胞：干冰","1、单例：路径a
2、批量送检：暂存等通知","/","/"
"437","RSPL2025013","LK291","OncoScreen®Plus组织版","/","一、切片（N含HE片）：
N含空白玻片或HE片，反馈并暂停
N＞10张，无需反馈，合格全部流转
小组织切片：
5张≤N＜8张，警戒
N＜5张，不合格
大组织切片：
N≤2张，不合格
二、温控要求：
切片：10℃~30℃
DNA：干冰","暂存等通知","全部流转","/"
"438","RSPM2025057","LK308","OncoScreen®Plus组织升级版","/","一、单例送检切片（N含HE片）：
N含空白玻片或HE片，反馈并暂停
N＜10张，不合格
二、批量送检切片：无个性化要求
三、组织样本共用要求：LK308与LK381共用
四、温控要求：10℃~30℃","1、单例送检：路径b
2、批量送检：暂存等通知","切片：≥10张","/"
"439","RSPM2025057","LK381","OncoScreen FIRM组织版","/","一、单例送检切片（N含HE片）：
N含空白玻片或HE片，反馈并暂停
N＜10张，不合格
二、组织样本共用要求：LK308与LK381共用
三、单例送检全血：
M＜0.2ml，不合格
N>1管，不合格
四、批量送检切片/DNA/血浆/白细胞：无个性化要求
五、温控要求：
切片/全血：10℃~30℃
DNA/血浆/白细胞：-65℃~-90℃","1、单例送检：路径b
2、批量送检：暂存等通知","切片：≥10张",""
"440","RSPM2025057","LK090","gDNA提取","/","接收后暂存","暂存等通知","/","/"
"441","RSPM2025057","LK092","cfDNA提取","/","接收后暂存","暂存等通知","/","/"
"442","RSPL2025010","LK340","捕获转录组测序(Capture-WTS)","/","一、切片：
N＞10张，合格需反馈
N＜10张，不合格
二、RNA
三、温控要求：
RNA：干冰+温度计","暂存等通知","10张","/"
"443","RSPL2025010","LK090","gDNA提取","/","切片：
N＞10张，合格需反馈
N＜10张，不合格","暂存等通知","10张","/"
"444","RSPL2025010","LK050","病理评估","/","切片：
N＞10张，合格需反馈
N＜10张，不合格","暂存等通知","10张","/"
"445","RSPM2025060","LK165","燃石朗克®血浆版","/","全血：
N＞1管，不合格
2ml＜M＜6ml，警戒
M≤2ml，不合格","/","/","/"
"446","RSPS2024008","LK190","燃石朗清®ProCDx血浆版","/","血浆/DNA","暂存等通知","/","/"
"447","RSPS2024008","LK090","gDNA提取","/","血浆/DNA","暂存等通知","/","/"
"448","RSPS2025001","LK305","OncoScreen®ParpMatchProCDx组织版","1、由实验室贴M码
2、查询微文档是否有指定M码","一、切片：
N含空白玻片或HE片，反馈并暂停
N＞20张，不合格，反馈后流转
N＜20张，不合格
二、样本上受试者筛选号（E-code）和样本标记信息（AccessionNo.）两者任一缺少，反馈并暂停
三、申请单审核如有以下情况，反馈并暂停：
（1）样本随附申请单非原件
（2）申请单预打印信息出现手动修改，包括有样本标记信息（AccessionNo.）、E-code码、研究编号、项目编号
（3）切片厚度未勾选或勾选其他并填写＜4μm
（4）申请单“ConfirmSampleisFormalinFixedandParaffnEmbedded(FFPE)”勾选Yes时，Fixativeused非勾选“10%NeutralBufferedFormalin”
（5）患者年龄＜18岁
（6）申请单字迹模糊无法识别
四、快递单上温区未勾选或勾选温区非0℃~30℃或2℃~8℃时，需反馈","/","20张","/"
"449","RSPM2025074","LK308","OncoScreen®Plus组织版","/","切片：
N＞10张，合格需反馈
小组织切片：
5张＜N＜8张，警戒
N≤5张，不合格
大组织切片：
N≤2张，不合格","暂存等通知","≤10张","/"
"450","RSPM2025074","LK292","OncoCompass®Plus血浆版","/","全血：
2ml＜M＜6ml，警戒
M≤2ml，不合格","/","/","/"
"451","RSPS2019007","LK165","燃石朗克®血浆版","/","/","/","/","无SSP"
"452","RSPS2019007","LK292","OncoCompass®Plus血浆版","/","/","/","/","无SSP"
"453","RSPS2019007","LK291","OncoScreen®Plus组织版","/","/","/","/","无SSP"
"454","RSPL2023004","LK290","OncoScreen®Plus遗传版","/","/","/","/","无SSP"
"455","RSPL2023005","LK523","OncoScreen®WES","/","/","/","/","无SSP"
"456","RSPL2023005","LK335","全转录组测序(WTS)","/","/","/","/","无SSP"
"457","RSPL2023006","LK513","myChoiceHRDPlus","/","/","暂存等通知","/","/"
"458","RSPL2023006","LK298","OncoScreen®PlusCDx组织定制版","/","/","暂存等通知","/","/"
"459","RSPL2024006","LK290","OncoScreen®Plus遗传版","/","/","路径b","/","无SSP"
"460","RSPL2024009","LK309","OncoScreen®Plus组织版","/","/","暂存等通知","/","无SSP"
"461","RSPL2025001","LK291","OncoScreen®Plus组织版","/","/","暂存等通知","/","/"
"462","RSPL2025001","LK340","捕获转录组测序(Capture-WTS)","/","/","暂存等通知","/","/"
"463","RSPL2025002","/","/","/","仅负责样本从美办进口和国内样本转寄，不进行检测","暂存等通知","/","/"
"464","RSPL2025003","LK521","OncoScreen®WES","/","/","暂存等通知","/","/"
"465","RSPL2025003","LK522","朗微®-MRD","/","/","暂存等通知","/","/"
"466","RSPL2025003","LK534","燃卫宁®DNA","/","/","暂存等通知","/","/"
"467","RSPL2025003","LK533","燃卫宁®RNA","/","/","暂存等通知","/","/"
"468","RSPL2025003","LK167","燃石朗清®血浆版","/","/","暂存等通知","/","/"
"469","RSPL2025003","LK292","OncoCompass®Plus血浆版","/","/","暂存等通知","/","/"
"470","RSPL2025003","LK291","OncoScreen®Plus组织版","/","/","暂存等通知","/","/"
"471","RSPL2025003","LK207","燃石馥康®遗传版","/","/","暂存等通知","/","/"
"472","RSPL2025003","LK131","燃石优健®遗传版","/","/","暂存等通知","/","/"
"473","RSPL2025003","LK170","燃石朗清®组织版","/","/","暂存等通知","/","/"
"474","RSPL2025003","LK183","燃小安®","/","/","暂存等通知","/","/"
"475","RSPL2025003","LK361","PD-L1(22c3)","/","/","暂存等通知","/","/"
"476","RSPL2025007","LK196","燃石朗清®Pro血浆版UMI","/","/","路径b","/","/"
"477","RSPL2025012","LK308","OncoScreen®Plus组织升级版","/","到样后反馈","切片-15℃~-25℃暂存等通知","/","无SSP"
"478","RSPL2025012","LK090","gDNA提取","/","到样后反馈","切片-15℃~-25℃暂存等通知","/","无SSP"
"479","RSCD2020002","LK187","泛癌甲基化组织版","/","/","暂存等通知","/","/"
"480","RSCD2020004","LK187","泛癌甲基化组织版","/","/","暂存等通知","/","/"
"481","RSCD2020006","LK187","泛癌甲基化组织版","/","/","暂存等通知","/","/"
"482","RSCD2021004","LK187","泛癌甲基化组织版","/","/","暂存等通知","/","/"
"483","RSCD2021004","LK291","OncoScreen®Plus组织版","/","/","暂存等通知","/","/"
"484","RSCD2021005","LK187","泛癌甲基化组织版","/","/","暂存等通知","/","/"
"485","RSCD2021008","LK291","OncoScreen®Plus组织版","/","/","暂存等通知","/","/"
"486","RSCD2021008","LK187","泛癌甲基化组织版","/","/","暂存等通知","/","/"
"487","RSCD2021009","LK187","泛癌甲基化组织版","/","/","暂存等通知","/","/"
"488","RSCD2021013","LK187","泛癌甲基化组织版","/","/","暂存等通知","/","/"
"489","RSCD2021013","LK291","OncoScreen®Plus组织版","/","/","暂存等通知","/","/"
"490","RSCD2021014","LK291","OncoScreen®Plus组织版","/","/","暂存等通知","/","/"
"491","RSCD2021017","LK187","泛癌甲基化组织版","/","/","暂存等通知","/","/"
"492","RSCD2021018","LK291","OncoScreen®Plus组织版","/","/","暂存等通知","/","/"
"493","RSCD2021021","LK187","泛癌甲基化组织版","/","/","暂存等通知","/","/"
"494","RSCD2021022","LK187","泛癌甲基化组织版","/","/","暂存等通知","/","/"
"495","RSCD2021023","LK187","泛癌甲基化组织版","/","/","暂存等通知","/","/"
"496","RSCD2022001","LK187","泛癌甲基化组织版","/","/","暂存等通知","/","/"
"497","RSCD2022005","LK187","泛癌甲基化组织版","/","/","暂存等通知","/","/"
"498","RSCD2022006","LK183","燃小安®","/","不卡控知情","/","/","/"
"499","RSCD2022007","LK187","泛癌甲基化组织版","/","/","暂存等通知","/","/"
"500","RSCD2022008","LK187","泛癌甲基化组织版","/","/","暂存等通知","/","/"
"501","RSCD2022010","LK187","泛癌甲基化组织版","/","/","暂存等通知","/","/"
"502","RSCD2022012","LK291","OncoScreen®Plus组织版","/","/","暂存等通知","/","/"
"503","RSCD2022013","LK291","OncoScreen®Plus组织版","/","/","暂存等通知","/","/"
"504","RSCD2023002","LK183","燃小安®","/","不卡控知情","/","/","/"
"505","RSKY2021004","LK170","燃石朗清®组织版","/","/","/","/","/"
"506","RSKY2021004","LK167","燃石朗清®血浆版","/","/","1、基线：路径a；
2、随访：路径b","/","/"
"507","RSKY2022021","LK170","燃石朗清®组织版","/","/","/","/","/"
"508","RSKY2022021","LK291","OncoScreen®Plus组织版","/","/","/","/","/"
"509","RSKY2022021","LK167","燃石朗清®血浆版","/","/","1、出报告：路径a
2、不出报告：路径b","/","/"
"510","RSKY2022023","LK522","朗微®-MRD","/","不卡控知情","/","/","/"
"511","RSKY2023056","LK521","OncoScreen®WES","/","/","暂存等通知","/","/"
"512","RSPM2025072","LK309","OncoScreen®Plus组织版","/","切片（N含HE片）：
N＞10张，合格需反馈
小组织切片：
5张＜N＜8张，警戒
N≤5张，不合格
大组织切片：
N≤2张，不合格","/","≤10张","/"
"513","RSPM2025072","LK292","OncoCompass®Plus血浆版","/","全血：
N＞1管，不合格
2ml＜M＜6ml，警戒
M≤2ml，不合格","/","1管","/"
"514","RSPM2025073","LK311","OncoCompass®Plus血浆版","/","全血：
2ml＜M＜6ml，警戒
M≤2ml，不合格","/","/","/"
"515","RSPM2025045","LK205","燃石利清®组织版","/","切片：
N＞10张，合格需反馈
小组织切片：
5张＜N＜8张，警戒
N≤5张，不合格
大组织切片：
N≤2张，不合格
二、温控要求：0℃~30℃","暂存等通知","≤10张","/"
"516","RSKY2023067","LK361","PD-L1(22c3)","/","/","暂存等通知","/","/"
"517","RSKY2024028","LK521","OncoScreen®WES","/","/","/","/","/"
"518","RSKY2024028","LK522","朗微®-MRD","/","灌洗液：系统按血浆录入","1、灌洗液：路径a
2、血浆：路径b","/","/"
"519","RSKY2024034","LK521","OncoScreen®WES","/","预留2张切片保存","路径b","/","/"
"520","RSKY2024034","LK522","朗微®-MRD","/","/","路径b","/","/"
"521","RSKY2025022","LK521","OncoScreen®WES","/","不卡控知情","/","/","/"
"522","RSKY2025022","LK522","朗微®-MRD","/","不卡控知情","1、基线：路径b；
2、其余：路径a；","/","/"
"523","RSTL2020029","LK291","OncoScreen®Plus组织版","/","/","1、基线：路径a；
2、随访：路径b；
3、其余：路径b","/","/"
"524","RSTL2021021","LK521","OncoScreen®WES","/","不卡控知情","/","/","/"
"525","RSTL2021021","LK522","朗微®-MRD","/","不卡控知情","/","/","/"
"526","RSTL2021021","LK183","燃小安®","/","不卡控知情","/","/","/"
"527","RSTL2021021","LK187","泛癌甲基化组织版","/","不卡控知情","/","/","/"
"528","RSTL2022004","LK522","朗微®-MRD","/","不卡控知情","/","/","/"
"529","RSTL2022005","LK337","全基因组测序(WGS)血浆版","/","脑脊液：系统按血浆录入","路径b","/","/"
"530","RSTL2022005","LK291","OncoScreen®Plus组织版","/","/","/","/","/"
"531","RSTL2022005","LK521","OncoScreen®WES","/","/","/","/","/"
"532","RSTL2022005","LK522","朗微®-MRD","/","/","/","/","/"
"533","RSTL2022013","LK521","OncoScreen®WES","/","不卡控知情","/","/","/"
"534","RSTL2022013","LK522","朗微®-MRD","/","不卡控知情","/","/","/"
"535","RSPM2025075","LK524","OncoScreen®WES定制版","/","一、切片（N含HE片）：
N＞10张，合格需反馈
N＜2张，不合格
二、白细胞：
M＜0.2ml，不合格
三、DNA","暂存等通知","切片：
1、N＞10张：9张切片+1张HE片
2、N＜10张：按PM通知数量流转","/"
"536","RSPM2025075","LK091","RNA提取","/","切片（N含HE片）：
N＞10张，合格需反馈
N＜2张，不合格","暂存等通知","1、N＞10张：9张切片+1张HE片
2、N＜10张：按PM通知数量流转","/"
"537","RSPM2025076","LK196","燃石朗清®Pro血浆版UMI","/","全血：
N＜2管，异常需反馈","/","/","/"
"538","RSPS2025004","LK190","燃石朗清®ProCDx血浆版","/","到样后反馈","暂存等通知","/","SSP未生效"
"539","RSPS2025005","LK308","OncoScreen®Plus组织升级版","/","一、切片：
N＞20张，不合格
小组织切片：
10张＜N＜16张，警戒
N≤10张，不合格
大组织切片：
N≤4张，不合格
二、冰冻组织
三、温控要求：
切片：15℃~25℃
冰冻组织：干冰","不做病理评估，全部流转核酸提取","切片：≤20张","/"
"540","RSPL2025015","LK090","gDNA提取","/","/","暂存等通知","/","/"
"541","RSPL2025015","LK091","RNA提取","/","/","暂存等通知","/","/"
"542","RSPM2025040","LK550","OverC®Monitor-01","/","到样后反馈","暂存等通知","/","SSP未生效"
"543","RSPM2025040","LK521","OncoScreen®WES","/","到样后反馈","暂存等通知","/","SSP未生效"
"544","RSPM2025040","LK522","朗微®-MRD","/","到样后反馈","暂存等通知","/","SSP未生效"
"545","RSPM2025066","/","/","/","仅进行项目资料、原始数据、剩余样本保存，不进行检测","暂存等通知","/","/"
"546","RSPM2025070","LK196","燃石朗清®Pro血浆版UMI","/","血浆：
N＞1管，不合格","暂存等通知","/","/"
"547","RSPM2025077","LK528","OncoScreen®WES遗传版","/","一、EDTA全血：
N＞1管，不合格
M＜0.2ml，不合格
二、申请单上家族史如无填写，无需反馈","/","/","/"
"548","RSPM2025078","LK292","OncoCompass®Plus血浆版","/","到样后反馈","暂存等通知","/","SSP未生效"
"549","RSPM2025079","LK262","燃石朗克®CDx组织版","/","一、切片（N含HE片）：
N＞10张，合格需反馈
小组织切片：
N≤5张，不合格
大组织切片：
N＜3张，不合格
二、温控要求：10℃~30℃","按快速检测","≤10张","/"
"550","RSPM2025079","LK170","燃石朗清®组织版","/","一、切片（N含HE片）：
N＞10张，合格需反馈
小组织切片：
N≤5张，不合格
大组织切片：
N＜3张，不合格
二、温控要求：10℃~30℃","暂存等通知","≤10张","/"
"551","RSPM2025079","LK167","燃石朗清®血浆版","/","全血：
2ml＜M＜6ml，警戒
M≤2ml，不合格","/","/","/"
"552","RSPM2025080","LK291","OncoScreen®Plus组织版","/","一、切片：
N＞10张，不合格
小组织切片：
5张＜N＜8张，警戒
N≤5张，不合格
大组织切片：
N≤2张，不合格
二、温控要求：10℃~30℃","1、预筛选期：路径a
2、其他访视节点：暂存等通知","≤10张","/"
"553","RSPM2025080","LK194","燃石朗清®Pro血浆版UMI","/","一、全血：
2ml＜M＜6ml，警戒
M≤2ml，不合格
二、温控要求：10℃~30℃","1、预筛选期：路径a
2、其他访视节点：路径b","/","/"
"554","RSPM2025082","LK291","OncoScreen®Plus组织版","/","到样后反馈","暂存等通知","/","SSP未生效"
"555","RSPM2025082","LK292","OncoCompass®Plus血浆版","/","到样后反馈","暂存等通知","/","SSP未生效"
"556","RSPM2025082","LK101","燃石朗克®组织版","/","到样后反馈","暂存等通知","/","SSP未生效"
"557","RSPM2025083","LK291","OncoScreen®Plus组织版","由实验室贴M码","切片（N含HE片）：
N＞10张，合格需反馈
小组织切片：
5张＜N＜8张，警戒
N≤5张，不合格
大组织切片：
N≤2张，不合格","/","≤10张","/"
"558","RSPM2025083","LK292","OncoCompass®Plus血浆版","由实验室贴M码","全血：
2ml＜M＜6ml，警戒
M≤2ml，不合格","/","/","/"
"559","RSPM2025086","LK291","OncoScreen®Plus组织版","由实验室贴M码","一、切片（N含HE片）：
N＞10张，合格需反馈
小组织切片：
5张＜N＜8张，警戒
N≤5张，不合格
大组织切片：
N≤2张，不合格
二、全血
三、温控要求：15℃~25℃","1、切片：暂存等通知
2、全血：路径b","≤10张","/"
"560","RSPM2025086","LK292","OncoCompass®Plus血浆版","由实验室贴M码","一、全血：
2ml＜M＜6ml，警戒
M≤2ml，不合格
二、温控要求：15℃~25℃","/","/","/"
"561","RSPM2025087","LK340","捕获转录组测序(Capture-WTS)","/","一、全血：
M＜2.5ml，不合格
二、温控要求：
批量送检：-60℃~-80℃
单例送检：15℃~25℃
三、暂存要求：
批量送检：-65℃~-90℃
单例送检：离体时间≤3天常温暂存，离体时间>3天先暂存至-15℃~-25℃冰箱1天后转移至-65℃~-90℃","1、批量送检：暂存等通知
2、单例送检：路径b","/","/"
"562","RSKY2023034","LK521","OncoScreen®WES","/","/","暂存等通知","/","/"
"563","RSKY2025035","LK291","OncoScreen®Plus组织版","/","/","/","/","/"
"564","RSKY2025035","LK293","OncoCompass®Plus血浆版","/","/","/","/","/"
"565","RSKY2025039","LK340","捕获转录组测序(Capture-WTS)","/","/","/","/","/"
"566","RSKY2025040","LK291","OncoScreen®Plus组织版","/","/","/","/","/"
"567","RSPM2024068","LK292","OncoCompass®Plus血浆版","1、前瞻性全血由实验室贴M码
2、申请单研究编号为BG-T187-101","一、前瞻性全血：
不合格全血，常温暂存，不流转分离
N＞1管，不合格
M＞10ml，不合格
M＜6ml/管，不合格
采血管无任何标记，不合格
T＞7d，不合格
二、申请单审核如有以下情况，反馈并暂停：
（1）申请单预打印信息出现手写修改，包括样本标记信息（AccessionNo.）、研究编号、中心编号、出生日期
（2）样本随附申请单非原件
（3）访视节点不是PRESCREENCTDNABR或PRESCREEN
（4）是否出具报告：否
（5）访视节点为PRESCREEN，“是否有对照”录入“是”或测序深度非10000X
（6）访视节点非PRESCREEN，“是否有对照”录入“否”或测序深度非5000X
（7）LPQMS系统销售备注中临床诊断信息与申请单不一致
三、回顾性血浆&白细胞：离心管/冻存管上无任何标记，反馈并暂停
四、温控要求：
全血：15℃~25℃","1、前瞻性全血：路径a
2、回顾性血浆&白细胞：暂存等通知","/","审核流转时注意小程序检查内容：①系统中心编号与医院名称信息是否匹配；②“访视节点“、“是否有对照”和“测序深度”之间的对应关系。"
"568","RSPM2024068","LK291","OncoScreen®Plus组织版","/","一、切片（N含HE片）：
N＞10张，不合格
小组织切片：
5张＜N＜8张，警戒
N≤5张，不合格
大组织切片：
N≤2张，不合格
二、组织样本共用要求：LK291与LK091共用样本
三、切片上无任何标记，反馈并暂停","暂存等通知","≤10张","/"
"569","RSPM2024068","LK091","RNA提取","/","一、切片（N含HE片）：
N＞10张，不合格
小组织切片：
5张＜N＜8张，警戒
N≤5张，不合格
大组织切片：
N≤2张，不合格
二、组织样本共用要求：LK291与LK091共用样本
三、切片上无任何标记，反馈并暂停","暂存等通知","≤10张","/"
"570","RSPM2025090","LK306","OncoCompass®Plus血浆版UMI","/","到样后反馈","暂存等通知","/","SSP未生效"
"571","RSPM2025029","LK340","捕获转录组测序(Capture-WTS)","/","到样后反馈","暂存等通知","/","/"
"572","RSPM2025029","LK527","OncoScreen®WES","/","到样后反馈","暂存等通知","/","/"
"573","RSPM2025081","LK291","OncoScreen®Plus组织版","/","一、切片：
N＞10张，合格需反馈
小组织切片：
5张＜N＜8张，警戒
N≤5张，不合格
大组织切片：
N≤2张，不合格
二、EDTA全血：
M＜0.2ml/管，不合格
三、温控要求：
切片：10℃~30℃
EDTA全血：≤-60℃","1、组织样本：路径b
2、EDTA全血：暂存等通知，直接存放于-65℃~-90℃","≤10张","/"
"574","RSPM2025081","LK292","OncoCompass®Plus血浆版","/","一、全血：
2ml/管＜M＜6ml/管，警戒
M≤2ml/管，不合格
N＞1管，不合格
二、温控要求：15℃~25℃","/","/","/"
"575","RSPM2025088","LK291","OncoScreen®Plus组织版","/","一、切片：
N＞10张，合格需反馈
小组织切片：
5张＜N＜8张，警戒
N≤5张，不合格
大组织切片：
N≤2张，不合格
二、组织样本共用要求：LK291与LK340共用1张HE片，双提
三、EDTA全血：
M＜0.2ml/管，不合格
四、温控要求：
切片：0℃~30℃
全血：≤-20℃或≤-60℃","1、切片：路径b
2、EDTA全血：暂存等通知，直接存放于-65℃~-90℃","切片：≤10张","/"
"576","RSPM2025088","LK340","捕获转录组测序(Capture-WTS)","/","一、切片：
N＞10张，合格需反馈
小组织切片：
5张＜N＜8张，警戒
N≤5张，不合格
大组织切片：
N≤2张，不合格
二、组织样本共用要求：LK291与LK340共用1张HE片，双提
三、温控要求：0℃~30℃","切片：路径b","≤10张","/"
"577","RSPM2025088","LK292","OncoCompass®Plus血浆版","/","一、全血：
2ml/管＜M＜6ml/管，警戒
M≤2ml/管，不合格
二、温控要求：15℃~25℃","/","/","/"
"578","RSPM2025091","LK291","OncoScreen®Plus组织版","/","一、切片：
N＞10张，合格需反馈
小组织切片：
5张＜N＜8张，警戒
N≤5张，不合格
大组织切片：
N≤2张，不合格
二、全血：
N＞1管，不合格
2ml/管＜M＜6ml/管，警戒
M≤2ml/管，不合格","暂存等通知","≤10张","/"
"579","RSPM2025091","LK292","OncoCompass®Plus血浆版","/","一、全血：
N＞1管，不合格
2ml/管＜M＜6ml/管，警戒
M≤2ml/管，不合格
二、温控要求：10℃~30℃","/","/","/"
"580","RSPM2025091","LK046","ATM","/","切片：
N＞3张，不合格
N=1张，不合格","暂存等通知","≤3张","/"
"581","RSPM2025096","LK196","燃石朗清®Pro血浆版UMI","/","一、血浆：
N＞1管，不合格
二、白细胞","暂存等通知","/","/"
"582","RSPS2022011","LK262","燃石朗克®CDx组织版","/","切片：
N含空白玻片或HE片，反馈并暂停
小组织切片：
N＞10张，合格需反馈
N＜5张，不合格
大组织切片：
N＞3张，合格需反馈
N＜2张，不合格","暂存等通知","1、小组织样本：≤10张
2、大组织样本：≤3张","/"
"583","RSPS2022011","LK106","燃石朗清®CDx血浆版","/","一、血浆
二、温控要求：-20℃~-100℃","暂存等通知","/","/"
"584","RSPM2025084","LK030","KRAS","/","切片：
小组织切片：
N≥8张，合格需反馈
N＜8张，不合格
大组织切片：
N≥5张，合格需反馈
N＜5张，不合格","/","1、小组织样本：8张
2、大组织样本：5张","/"
"585","RSPM2025047","LK528","OncoScreen®WES遗传版","/","一、全血：
M＜0.2ml，不合格
二、温控要求：常温/干冰","暂存等通知","/","/"
"586","RSPS2025006","LK263","燃石朗克®CDx组织定制版","/","切片：
N含空白玻片或HE片，反馈并暂停
小组织切片：
N＞10张，合格需反馈
N＜5张，不合格
大组织切片：
N＞5张，合格需反馈
N＜2张，不合格","暂存等通知","1、小组织样本：≤10张
2、大组织样本：≤5张","/"
"587","RSPM2025071","LK196","燃石朗清®Pro血浆版UMI","/","脑脊液/白细胞：
N＞1管，不合格","暂存等通知，直接存放于-65℃~-90℃","1管","/"
"588","RSPM2025093","LK291","OncoScreen®Plus组织版","组织已有一个M码，由实验室补贴一个M码","一、切片（N含HE片）
N＞10张，合格需反馈
小组织切片：
5张＜N＜8张，警戒
N≤5张，不合格
大组织切片：
N≤2张，不合格
二、组织样本共用要求：LK291与LK340共用样本，其中一单暂停，另一单同时暂停
三、温控要求：0℃~30℃","/","≤10张","/"
"589","RSPM2025093","LK340","捕获转录组测序(Capture-WTS)","组织已有一个M码，由实验室补贴一个M码","一、切片（N含HE片）
N＞10张，合格需反馈
小组织切片：
5张＜N＜8张，警戒
N≤5张，不合格
大组织切片：
N≤2张，不合格
二、组织样本共用要求：LK291与LK340共用样本，其中一单暂停，另一单同时暂停
三、温控要求：0℃~30℃","/","≤10张","/"
"590","RSPM2025093","LK292","OncoCompass®Plus血浆版","/","温控要求：15℃~25℃","/","/","/"
"591","RSPM2025094","LK309","OncoScreen®Plus组织版","/","一、切片（N含HE片）：
N含空白玻片或HE片，反馈并暂停
N＞10张，无需反馈，合格全部流转
小组织切片：
5张＜N＜8张，警戒
N≤5张，不合格
大组织切片：
N≤2张，不合格
二、蜡块","/","全部流转","/"
"592","RSPM2025095","LK291","OncoScreen®Plus组织版","1、由实验室贴M码
2、LK291与LK340共用样本，贴2个M码
3、申请单研究编号为HLX43-NSCLC202-W662-PD-L1的样本，贴2个M码","一、切片（N含HE片）
N＞10张，合格需反馈
小组织切片：
5张≤N＜8张，警戒
N＜5张，不合格
大组织切片：
N≤2张，不合格
二、组织样本共用要求：LK291与LK340共用样本，其中一单暂停，另一单同时暂停
三、温控要求：0℃~30℃","/","≤10张",""
"593","RSPM2025095","LK340","捕获转录组测序(Capture-WTS)","1、由实验室贴M码
2、LK291与LK340共用样本，贴2个M码
3、申请单研究编号为HLX43-NSCLC202-W662-PD-L1的样本，贴2个M码","一、切片（N含HE片）
N＞10张，合格需反馈
小组织切片：
5张≤N＜8张，警戒
N＜5张，不合格
大组织切片：
N≤2张，不合格
二、组织样本共用要求：LK291与LK340共用样本，其中一单暂停，另一单同时暂停
三、温控要求：0℃~30℃","/","≤10张",""
"594","RSPM2025095","LK292","OncoCompass®Plus血浆版","由实验室贴M码","一、全血
2ml＜M＜6ml，警戒
M≤2ml，不合格
二、温控要求：15℃~25℃","/","/",""
"595","RSPM2025098","LK118","燃石馥康®组织版","/","一、切片（N含HE片）：
N＞14张，合格需反馈
小组织切片：
N≤5张，不合格
大组织切片：
N≤2张，不合格
二、组织样本共用要求：LK118和LK361共用1张HE片，使用LK118的白片制备HE片
三、温控要求：0℃~30℃","/","1、小组织样本：6张
2、大组织样本：3张","/"
"596","RSPM2025098","LK361","PD-L1(22c3)","/","一、切片：
N≠1张，不合格
二、组织样本共用要求：LK118和LK361共用1张HE片，使用LK118的白片制备HE片
三、温控要求：0℃~30℃","/","1张","/"
"597","RSPM2025102","LK527","OncoScreen®WES","/","一、切片（N含HE片）：
N＞10张，合格需反馈
小组织切片：
5张＜N＜8张，警戒
N≤5张，不合格
大组织切片：
N≤2张，不合格
二、组织样本共用要求：LK527与LK091共用样本","暂存等通知","≤10张","/"
"598","RSPM2025102","LK091","RNA提取","/","一、切片（N含HE片）：
N＞10张，合格需反馈
小组织切片：
5张＜N＜8张，警戒
N≤5张，不合格
大组织切片：
N≤2张，不合格
二、组织样本共用要求：LK527与LK091共用样本","暂存等通知","≤10张","/"
"599","RSPM2025102","LK292","OncoCompass®Plus血浆版","/","/","暂存等通知","/","/"
"600","RSPM2025104","LK291","OncoScreen®Plus组织版","1、由实验室贴M码
2、LK291与LK340共用样本，贴2个M码","一、切片（N含HE片）
N含空白玻片或HE片，反馈并暂停
N＞15张，合格需反馈
小组织切片：
5张＜N＜8张，警戒
N≤5张，不合格
大组织切片：
N≤2张，不合格
二、组织样本共用要求：LK291与LK340共用样本，其中一单暂停，另一单同时暂停
三，EDTA全血
四、温控要求：0℃~30℃","/","≤10张","/"
"601","RSPM2025104","LK340","捕获转录组测序(Capture-WTS)","1、由实验室贴M码
2、LK291与LK340共用样本，贴2个M码","一、切片（N含HE片）
N含空白玻片或HE片，反馈并暂停
N＞15张，合格需反馈
小组织切片：
5张＜N＜8张，警戒
N≤5张，不合格
大组织切片：
N≤2张，不合格
二、组织样本共用要求：LK291与LK340共用样本，其中一单暂停，另一单同时暂停
三、温控要求：0℃~30℃","/","≤10张","/"
"602","RSPM2025104","LK292","OncoCompass®Plus血浆版","由实验室贴M码","温控要求：15℃~25℃","/","/","/"
"603","RSPM2025105","LK170","燃石朗清®组织版","/","切片（N含HE片）：
N＞10张，合格需反馈
小组织切片：
5张≤N＜8张，警戒
N＜5张，不合格
大组织切片：
N≤2张，不合格","/","≤10张","/"
"604","RSPM2025105","LK194","燃石朗清®Pro血浆版UMI","/","全血：
2ml＜M＜6ml，警戒
M≤2ml，不合格","/","/","/"
"605","RSPM2025107","LK292","OncoCompass®Plus血浆版","/","一、全血
二、温控要求：15℃~25℃","/","/","/"
"606","RSPM2025108","LK167","燃石朗清®血浆版","/","一、全血：
N＞1管，不合格，不流转分离
M＜5ml/管，不合格
二、暂存要求：常温","/","/","/"
"607","RSPM2022037","LK167","燃石朗清®血浆版","/","到样后反馈","暂存等通知","/","SSP未生效"
"608","RSPM2022037","LK101","燃石朗克®组织版","/","到样后反馈","暂存等通知","/","SSP未生效"
"609","RSPM2022038","LK291","OncoScreen®Plus组织版","/","到样后反馈","暂存等通知","/","SSP未生效"
"610","RSPM2023007","LK521","OncoScreen®WES","/","到样后反馈","暂存等通知","/","SSP未生效"
"611","RSPM2023007","LK335","全转录组测序(WTS)","/","到样后反馈","暂存等通知","/","SSP未生效"
"612","RSPM2023013","LK291","OncoScreen®Plus组织版","/","到样后反馈","暂存等通知","/","SSP未生效"
"613","RSPM2023013","LK046","ATM","/","到样后反馈","暂存等通知","/","SSP未生效"
"614","RSPM2023013","LK047","ARID1A","/","到样后反馈","暂存等通知","/","SSP未生效"
"615","RSPM2023014","LK291","OncoScreen®Plus组织版","/","到样后反馈","暂存等通知","/","SSP未生效"
"616","RSPM2023014","LK292","OncoCompass®Plus血浆版","/","到样后反馈","暂存等通知","/","SSP未生效"
"617","RSPM2023015","LK167","燃石朗清®血浆版","/","到样后反馈","暂存等通知","/","SSP未生效"
"618","RSPM2023023","LK291","OncoScreen®Plus组织版","/","到样后反馈","暂存等通知","/","SSP未生效"
"619","RSPM2023023","LK292","OncoCompass®Plus血浆版","/","到样后反馈","暂存等通知","/","SSP未生效"
"620","RSPM2023027","LK041","MAP-BR定制版","/","到样后反馈","暂存等通知","/","SSP未生效"
"621","RSPM2023036","LK291","OncoScreen®Plus组织版","/","到样后反馈","暂存等通知","/","SSP未生效"
"622","RSPM2023044","LK291","OncoScreen®Plus组织版","/","到样后反馈","暂存等通知","/","SSP未生效"
"623","RSPM2023044","LK292","OncoCompass®Plus血浆版","/","到样后反馈","暂存等通知","/","SSP未生效"
"624","RSPM2023044","LK524","OncoScreen®WES定制版","/","到样后反馈","暂存等通知","/","SSP未生效"
"625","RSPM2023044","LK525","OncoScreen®WES定制版","/","到样后反馈","暂存等通知","/","SSP未生效"
"626","RSPM2023059","LK292","OncoCompass®Plus血浆版","/","到样后反馈","暂存等通知","/","SSP未生效"
"627","RSPM2024005","LK262","燃石朗克®CDx组织版","/","到样后反馈","暂存等通知","/","SSP未生效"
"628","RSPM2024005","LK106","燃石朗清®CDx血浆版","/","到样后反馈","暂存等通知","/","SSP未生效"
"629","RSPM2024012","LK524","OncoScreen®WES定制版","/","到样后反馈","暂存等通知","/","SSP未生效"
"630","RSPM2024020","LK340","捕获转录组测序(Capture-WTS)","/","到样后反馈","暂存等通知","/","SSP未生效"
"631","RSPM2024054","LK294","OncoScreen®PlusCDx组织版","申请单研究编号为D516KC00001","一、切片：
N＞7张，合格需反馈
N≤2张，不合格
二、样本如有以下情况，反馈并暂停：
样本上受试者筛选号（E-code）和样本标记信息（AccessionNo.）两者任一缺少","暂存等通知","≤7张","/"
"632","RSPM2024054","LK197","燃石朗清®血浆版","申请单研究编号为D516KC00001","样本如有以下情况，反馈并暂停：
样本上受试者筛选号（E-code）和样本标记信息（AccessionNo.）两者任一缺少","暂存等通知","/","/"
"633","RSPM2024060","LK292","OncoCompass®Plus血浆版","/","到样后反馈","暂存等通知","/","SSP未生效"
"634","RSPM2024067","LK340","捕获转录组测序(Capture-WTS)","/","到样后反馈","暂存等通知","/","SSP未生效"
"635","RSPM2024075","LK527","OncoScreen®WES","/","一、切片
N≥15张，合格需反馈
小组织切片：
N≤5张，不合格
大组织切片：
N≤2张，不合格
二、组织样本共用要求：LK527与LK340共用样本，其中一单暂停，另一单同时暂停
三、EDTA全血
M＜0.2ml，不合格
四、温控要求：
切片：15℃~25℃
全血：≤-60℃","1、切片：暂存等通知；通知流转后剩余切片储存至-15°C~-25°C
2、EDTA全血：暂存等通知，直
接存放于-65°C~-90°C","1、N≥15张：10张；
2、N＜15张：按PM通知数量流转","/"
"636","RSPM2024075","LK340","捕获转录组测序(Capture-WTS)","/","一、切片
N≥15张，合格需反馈
小组织切片：
N≤5张，不合格
大组织切片：
N≤2张，不合格
二、组织样本共用要求：LK527与LK340共用样本，其中一单暂停，另一单同时暂停
三、温控要求：
切片：15℃~25℃","暂存等通知；通知流转
后剩余切片储存至-15°C~-25°C","1、N≥15张：10张；
2、N＜15张：按PM通知数量流转","/"
"637","RSPM2025064","LK550","OverC®Monitor-01","/","温控要求：6℃~30℃","/","/","/"
"638","RSPM2025064","LK090","gDNA提取","/","温控要求：6℃~30℃","/","/","/"
"639","RSPM2025068","LK311","OncoCompass®Plus血浆版","/","全血：
2ml＜M＜6ml，警戒
M≤2ml，不合格","/","/","/"
"640","RSPM2025068","LK291","OncoScreen®Plus组织版","/","一、切片
小组织切片：
N＞9张，合格无需反馈，全部流转
5张＜N＜8张，警戒
N≤5张，不合格
大组织切片：
N≤2张，不合格
二、组织样本共用要求：优先满足LK361检测，LK291和LK361共用1张HE片，使用LK361的白片制备HE片","暂存等通知","全部流转","/"
"641","RSPM2025068","LK361","PD-L1(22c3)","/","一、切片
N＞3张，合格需反馈
N＜2张，不合格
二、组织样本共用要求：优先满足LK361检测，LK291和LK361共用1张HE片，使用LK361的白片制备HE片","暂存等通知","≤3张","/"
"642","RSPL2025018","LK291","OncoScreen®Plus组织版","/","到样后反馈","暂存等通知","/","SSP未生效"
"643","RSPL2025018","LK292","OncoCompass®Plus血浆版","/","到样后反馈","暂存等通知","/","SSP未生效"
"644","RSPL2025018","LK167","燃石朗清®血浆版","/","到样后反馈","暂存等通知","/","SSP未生效"
"645","RSPL2025018","LK183","燃小安®","/","到样后反馈","暂存等通知","/","SSP未生效"
"646","RSPM2025099","LK523","OncoScreen®WES","/","切片（N含HE片）：
N＞10张，合格需反馈
小组织切片：
5张＜N＜8张，警戒
N≤5张，不合格
大组织切片：
N≤2张，不合格","路径b","≤10张","/"
"647","RSPM2025099","LK340","捕获转录组测序(Capture-WTS)","/","切片（N含HE片）：
N＞10张，合格需反馈
小组织切片：
5张＜N＜8张，警戒
N≤5张，不合格
大组织切片：
N≤2张，不合格","路径b","≤10张","/"
"648","RSPM2025099","LK311","OncoCompass®Plus血浆版","/","全血：
2ml＜M＜6ml，警戒
M≤2ml，不合格
N＞1管","路径b","/","/"
"649","RSPM2025109","LK167","燃石朗清®血浆版","/","一、全血：
M＜6ml，不合格
二、温控要求：6℃~30℃","/","/","/"
"650","RSPM2025111","LK291","OncoScreen®Plus组织版","/","一、切片（N含HE片）：
N=0张，不合格
二、组织样本共用要求：LK291与LK091共用样本
三、血浆/白细胞/DNA","暂存等通知","/","/"
"651","RSPM2025111","LK091","RNA提取","/","一、切片（N含HE片）：
N=0张，不合格
二、组织样本共用要求：LK291与LK091共用样本
三、血浆/白细胞/DNA","暂存等通知","/","/"
"652","RSPM2025111","LK292","OncoCompass®Plus血浆版","/","/","暂存等通知","/","/"
"653","RSPL2025020","LK167","燃石朗清®血浆版","/","到样后反馈","暂存等通知","/","SSP未生效"
"654","RSPL2025020","LK170","燃石朗清®组织版","/","到样后反馈","暂存等通知","/","SSP未生效"
"655","RSPM2025085","LK292","OncoCompass®Plus血浆版","/","一、全血：
2ml＜M＜6ml，警戒
M≤2ml，不合格
二、申请单审核如有以下情况，反馈并暂停
访视节点非Cycle1Day 1
三、温控要求：15℃~25℃","/","/","/"
"656","RSPM2025085","LK311","OncoCompass®Plus血浆版","/","一、血浆
二、申请单审核如有以下情况，反馈并暂停
访视节点非Cycle1Day 1
三、温控要求：15℃~25℃","暂存等通知","/","/"
"657","RSPM2025110","LK311","OncoCompass®Plus血浆版","/","到样后反馈","暂存等通知","/","SSP未生效"
"658","RSPM2026002","LK527","OncoScreen®WES","/","一、切片（N含HE片）：
N＞10张，合格需反馈
N＜10张，不合格
二、组织样本共用要求：
（1）访视节点为筛选期：双提取LK527和LK340，LK527与LK340共用1张HE片
（2）访视节点为C2D1：单提取LK340","1、N≥10张：路径b
2、N＜10张：暂存等通知
","≤10张","/"
"659","RSPM2026002","LK340","捕获转录组测序(Capture-WTS)","/","一、切片（N含HE片）：
N＞10张，合格需反馈
N＜10张，不合格
二、组织样本共用要求：
（1）访视节点为筛选期：双提取LK527和LK340，LK527与LK340共用1张HE片
（2）访视节点为C2D1：单提取LK340","1、N≥10张：路径b
2、N＜10张：暂存等通知
","≤10张","/"
"660","RSPM2026002","LK528","OncoScreen®WES遗传版","/","全血：
M＜0.2ml/管，不合格","/","/","/"
"661","RSPM2024058","LK340","捕获转录组测序(Capture-WTS)","/","一、切片：
N＞6张，合格需反馈
小组织切片：
N=6张，警戒
N＜6张，不合格
大组织切片：
N≤2张，不合格
二、PAXgene全血：
M＞2.5ml/管，不合格
三、温控要求：干冰","1、切片：-15℃~-25℃暂存等通知
2、PAXgene全血：暂存等通知，直接存放于-65℃~-90℃","≤6张","/"
"662","RSPM2024058","LK292","OncoCompass®Plus血浆版","/","一、白细胞：
M＜0.2ml/管，不合格
二、血浆","暂存等通知","/","/"
"663","RSPM2024058","LK550","OverC®Monitor-01","/","血浆","暂存等通知","/","/"
"664","RSPM2025101","LK205","燃石利清®组织版","/","到样后反馈","暂存等通知","/","SSP未生效"
"665","RSPM2025101","LK204","燃石利清®血浆版","/","到样后反馈","暂存等通知","/","SSP未生效"
"666","RSPM2025103","LK292","OncoCompass®Plus血浆版","/","一、全血：
M＜4ml，不合格
二、温控要求：6℃~30℃","/","/","/"
"667","RSPM2025103","LK308","OncoScreen®Plus组织升级版","/","一、切片（N含HE片）：
小组织切片：
N＞15张，不合格
N＜10张，不合格
大组织切片：
N＞10张，不合格
N＜6张，不合格
二、温控要求：6℃~30℃","暂存等通知","1、小组织样本：≤15张
2、大组织样本：≤10张","/"
"668","RSPM2025106","LK340","捕获转录组测序(Capture-WTS)","1、由实验室贴M码
2、组织切片和游离DNA全血各贴2个M码，EDTA全血贴1个M码
3、申请单研究编号为HLX43-NSCLC203","一、切片（N含HE片）
N＞10张，合格需反馈
小组织切片：
5张＜N＜8张，警戒
N≤5张，不合格
大组织切片：
N≤2张，不合格
二、组织样本共用要求：LK291与LK340共用样本，其中一单暂停，另一单同时暂停
三、温控要求：6℃~30℃","/","≤10张","/"
"669","RSPM2025106","LK291","OncoScreen®Plus组织版","1、由实验室贴M码
2、组织切片和游离DNA全血各贴2个M码，EDTA全血贴1个M码
3、申请单研究编号为HLX43-NSCLC203","一、切片（N含HE片）
N＞10张，合格需反馈
小组织切片：
5张＜N＜8张，警戒
N≤5张，不合格
大组织切片：
N≤2张，不合格
二、组织样本共用要求：LK291与LK340共用样本，其中一单暂停，另一单同时暂停
三、全血
四、温控要求：6℃~30℃","/","≤10张","/"
"670","RSPM2025106","LK092","cfDNA提取","1、由实验室贴M码
2、组织切片和游离DNA全血各贴2个M码，EDTA全血贴1个M码
3、申请单研究编号为HLX43-NSCLC203","一、游离DNA全血
二、温控要求：6℃~30℃","/","/","/"
"671","RSPM2026004","LK291","OncoScreen®Plus组织版","/","一、切片
N＞10张，合格需反馈
小组织切片：
N＜8张，不合格
大组织切片：
N＜2张，不合格
二、组织样本共用要求：
（1）访视节点为“依沃西单抗联用组”：LK291和LK361共用1张HE片，使用LK361的白片制备HE片
（2）访视节点为“其他队列”：检测LK291
三、温控要求：10℃~30℃","暂存等通知","≤10张","/"
"672","RSPM2026004","LK361","PD-L1(22c3)","/","一、切片
N＜2张，不合格
二、组织样本共用要求：LK291和LK361共用1张HE片，使用LK361的白片制备HE片
三、温控要求：10℃~30℃","暂存等通知","≤3张","/"
"673","RSPM2026004","LK311","OncoCompass®Plus血浆版","/","一、全血：
2ml＜M＜6ml，警戒
M≤2ml，不合格
二、温控要求：10℃~30℃","/","/","/"
"674","RSPL2026002","LK308","OncoScreen®Plus组织升级版","/","/","暂存等通知","/","/"
"675","RSPM2026001","LK291","OncoScreen®Plus组织版","/","切片（N含HE片）
N＞10张，合格需反馈
小组织切片：
5张＜N＜8张，警戒
N≤5张，不合格
大组织切片：
N≤2张，不合格","暂存等通知","≤10张","/"
"676","RSPM2026003","LK308","OncoScreen®Plus组织升级版","/","切片（N含HE片）
N＞10张，合格需反馈
小组织切片：
5张＜N＜8张，警戒
N≤5张，不合格
大组织切片：
N≤2张，不合格","暂存等通知","≤10张","/"
"677","RSPM2026003","LK090","gDNA提取","/","一、切片
N＞7张，合格需反馈
N＜7张，不合格
二、暂存要求：2℃-8℃","2℃-8℃暂存等通知","/","/"
"678","RSPM2026003","LK292","OncoCompass®Plus血浆版","/","全血：
N＞1管，合格需反馈
2ml＜M＜6ml，警戒
M≤2ml，不合格","/","1管","/"
"679","RSPM2026006","LK291","OncoScreen®Plus组织版","/","到样后反馈","暂存等通知","/","SSP未生效"
"680","RSPM2026007","LK533","燃卫宁®RNA","/","到样后反馈","暂存等通知","/","SSP未生效"
"681","RSPM2026007","LK534","燃卫宁®DNA","/","到样后反馈","暂存等通知","/","SSP未生效"
"682","RSPM2026008","LK291","OncoScreen®Plus组织版","/","到样后反馈","暂存等通知","/","SSP未生效"
"683","RSPM2026008","LK292","OncoCompass®Plus血浆版","/","到样后反馈","暂存等通知","/","SSP未生效"
"684","RSPM2026011","LK309","OncoScreen®Plus组织版","/","切片（N含HE片）
N＞10张，合格需反馈
小组织切片：
5张＜N＜8张，警戒
N≤5张，不合格
大组织切片：
N≤2张，不合格","/","≤10张","/"
"685","RSPM2026011","LK292","OncoCompass®Plus血浆版","/","全血：
2ml＜M＜6ml，警戒
M≤2ml，不合格
N＞1管，不合格","/","/","/"
"686","RSPM2026013","LK264","燃石朗克®CDx组织版","/","一、切片：
N＜2张，不合格
二、温控要求
切片：2℃~8℃
DNA：-20℃~-100℃","暂存等通知","≤10张","/"
"687","RSPM2026013","LK106","燃石朗清®CDx血浆版","/","一、血浆/DNA
二、温控要求：-20℃~-100℃","暂存等通知","/","/"
"688","RSPM2026014","LK524","OncoScreen®WES定制版","/","一、切片（N含HE片）：
N=0张，不合格
二、组织样本共用要求：LK524和LK091共用切片","2℃-8℃暂存等通知","/","/"
"689","RSPM2026014","LK291","OncoScreen®Plus组织版","/","一、切片（N含HE片）：
N=0张，不合格
二、组织样本共用要求：LK291和LK091共用切片","2℃-8℃暂存等通知","/","/"
"690","RSPM2026014","LK091","RNA提取","/","一、切片（N含HE片）：
N=0张，不合格
二、组织样本共用要求：
（1）检测LK291时，LK291和LK091共用切片
（2）检测LK524时，LK524和LK091共用切片","2℃-8℃暂存等通知","/","/"
"691","RSPM2026014","LK292","OncoCompass®Plus血浆版","/","血浆/白细胞","暂存等通知","/","/"
"692","RSPM2026015","LK340","捕获转录组测序(Capture-WTS)","/","一、切片（N含HE片）
N＞10张，合格需反馈
小组织切片：
5张＜N＜8张，警戒
N≤5张，不合格
大组织切片：
N≤2张，不合格
二、组织样本共用要求：LK291与LK340共用样本，其中一单暂停，另一单同时暂停
三、温控要求：15℃~25℃","暂存等通知","≤10张","/"
"693","RSPM2026015","LK291","OncoScreen®Plus组织版","/","一、切片（N含HE片）
N＞10张，合格需反馈
小组织切片：
5张＜N＜8张，警戒
N≤5张，不合格
大组织切片：
N≤2张，不合格
二、组织样本共用要求：LK291与LK340共用样本，其中一单暂停，另一单同时暂停
三、温控要求：15℃~25℃","暂存等通知","≤10张","/"
"694","RSPM2026015","LK292","OncoCompass®Plus血浆版","1、全血由实验室贴M码
2、组织切片贴临时标签，运送单方案编号为HLX43-BC202","一、全血
二、温控要求：15℃~25℃","/","/","/"
"695","RSPM2026016","LK361","PD-L1(22c3)","/","一、切片：
N＞5张，合格需反馈
N＜2张，不合格
二、温控要求：10℃~30℃","暂存等通知","≤5张","/"
"696","RSPM2026019","LK170","燃石朗清®组织版","/","切片
N＞10张，合格需反馈
小组织切片：
5张＜N＜8张，警戒
N≤5张，不合格
大组织切片：
N≤2张，不合格","/","≤10张","/"
"697","RSPM2026019","LK167","燃石朗清®血浆版","/","全血
2ml＜M＜6ml，警戒
M≤2ml，不合格","/","/","/"
"698","RSPM2026019","LK090","gDNA提取","/","全血
（1）游离DNA全血：LK167和LK090共用全血
（2）EDTA全血：仅LK090","/","/","/"
"699","RSPM2026020","LK340","捕获转录组测序(Capture-WTS)","1、国内样本由实验室贴M码
2、组织切片贴2个M码，全血贴1个M码
3、申请单研究编号为HLX43-NSCLC302","一、切片（N含HE片）
N＞10张，合格需反馈
小组织切片：
5张＜N＜8张，警戒
N≤5张，不合格
大组织切片：
N≤2张，不合格
二、组织样本共用要求：LK291与LK340共用样本，其中一单暂停，另一单同时暂停
三、英文申请单审核信息确认如下：
（1）Biopsy/Resection Date对应切片的取材日期
（2）Slide Preparation Date对应切片制备日期
（3）Collection Date对应血液的取材日期
（4）Submitted by的日期时间对应送检日期和时间","/","≤10张","/"
"700","RSPM2026020","LK291","OncoScreen®Plus组织版","1、国内样本由实验室贴M码
2、组织切片贴2个M码，全血贴1个M码
3、申请单研究编号为HLX43-NSCLC302","一、切片（N含HE片）
N＞10张，合格需反馈
小组织切片：
5张＜N＜8张，警戒
N≤5张，不合格
大组织切片：
N≤2张，不合格
二、组织样本共用要求：LK291与LK340共用样本，其中一单暂停，另一单同时暂停
三、英文申请单审核信息确认如下：
（1）Biopsy/Resection Date对应切片的取材日期
（2）Slide Preparation Date对应切片制备日期
（3）Collection Date对应血液的取材日期
（4）Submitted by的日期时间对应送检日期和时间","/","≤10张","/"
"701","RSPM2026020","LK292","OncoCompass®Plus血浆版","1、国内样本由实验室贴M码
2、组织切片贴2个M码，全血贴1个M码
3、申请单研究编号为HLX43-NSCLC302","一、全血/血浆
二、温控要求：
单例送检游离DNA全血：15℃~25℃
批量送检EDTA全血/血浆：干冰
三、英文申请单审核信息确认如下：
（1）Biopsy/Resection Date对应切片的取材日期
（2）Slide Preparation Date对应切片制备日期
（3）Collection Date对应血液的取材日期
（4）Submitted by的日期时间对应送检日期和时间","1、单例送检全血：路径b
2、批量送检全血/血浆：暂存等通知，直接存放于-65~-90℃保存","/","/"
"702","RSPM2026012","LK308","OncoScreen®Plus组织升级版","/","切片（N含HE片）：
N＜5张，不合格","暂存等通知","/","/"
"703","RSPM2025092","LK521","OncoScreen®WES","/","一、白细胞：
N≥2管，合格需反馈
N＜1管，不合格
二、申请单审核如有以下情况，反馈并暂停：
是否出具报告：是","暂存等通知","≤2管","/"
"704","RSPM2025092","LK522","朗微®-MRD","/","一、血浆
二、申请单审核如有以下情况，反馈并暂停：
是否出具报告：是","暂存等通知","/","/"
"705","RSPM2025092","LK513","myChoice HRD Plus","/","一、切片（N不含HE片）
N＞10张，合格需反馈
小组织切片：
4张＜N＜7张，警戒
N≤4张，不合格
大组织切片：
N＜2张，不合格
二、申请单审核如有以下情况，反馈并暂停：
是否出具报告：是","暂存等通知","≤10张","/"
"706","RSPM2025092","LK306","OncoCompass®Plus血浆版UMI","/","一、白细胞：
N≥2管，合格需反馈
N＜1管，不合格
二、申请单审核如有以下情况，反馈并暂停：
是否出具报告：是","暂存等通知","≤2管","/"
"707","RSPM2026010","LK167","燃石朗清®血浆版","/","一、全血：
M＜6ml，不合格
二、温控要求：6℃~30℃","1、EOT访视节点：路径a；
2、其他访视节点：路径b","/","/"
"708","RSPL2026003","LK528","OncoScreen®WES遗传版","/","一、全血：
M＜0.2ml，不合格
N＞1管，不合格
二、申请单“是否有家族史”非必填信息，若无填写无需反馈","/","/","/"
"709","RSPM2026005","LK528","OncoScreen®WES遗传版","/","一、全血：
M＜0.2ml，不合格
N＞1管，不合格
二、温控要求：干冰","暂存等通知，直接放置于-65℃~-90℃暂存","/","/"
"710","RSPM2026017","LK340","捕获转录组测序(Capture-WTS)","/","一、切片（N含HE片）
N＞13张，合格需反馈
小组织切片：
5张＜N＜8张，警戒
N≤5张，不合格
大组织切片：
N≤2张，不合格
二、组织样本共用要求：LK291与LK340共用样本，其中一单暂停，另一单同时暂停
三、温控要求：15℃~25℃","/","≤13张","/"
"711","RSPM2026017","LK291","OncoScreen®Plus组织版","/","一、切片（N含HE片）
N＞13张，合格需反馈
小组织切片：
5张＜N＜8张，警戒
N≤5张，不合格
大组织切片：
N≤2张，不合格
二、组织样本共用要求：LK291与LK340共用样本，其中一单暂停，另一单同时暂停
三、温控要求：15℃~25℃","/","≤13张","/"
"712","RSPM2026017","LK292","OncoCompass®Plus血浆版","1、全血由实验室贴M码
2、组织切片贴临时标签，运送单方案编号为HLX43-BC202","一、全血
二、温控要求：15℃~25℃","/","/","/"
"713","RSPM2026024","LK306","OncoCompass®Plus血浆版UMI","/","到样后反馈","暂存等通知","/","SSP未生效"
"714","RSPM2026024","LK550","OverC®Monitor-01","/","到样后反馈","暂存等通知","/","SSP未生效"
"715","RSPM2026024","LK176","燃石朗清®血浆版UMI","/","到样后反馈","暂存等通知","/","SSP未生效"
"716","RSPM2026026","LK527","OncoScreen®WES","/","到样后反馈","暂存等通知","/","SSP未生效"
"717","RSPM2026026","LK340","捕获转录组测序(Capture-WTS)","/","到样后反馈","暂存等通知","/","SSP未生效"
"718","RSPM2026038","LK550","OverC®Monitor-01","/","一、全血
N＞2管，暂停流转
N＜2管，暂停流转
二、温控要求：6℃~30℃","/","2管","/"
"719","RSPM2026038","LK090","gDNA提取","/","一、全血
N＞2管，暂停流转
N＜2管，暂停流转
二、温控要求：6℃~30℃","/","2管","/"
"720","RSPM2024017","LK291","OncoScreen®Plus组织版","/","切片（N含HE片）
N含空白玻片或HE片，反馈并暂停
N＞10张，合格需反馈
小组织切片：
5张＜N＜8张，警戒
N≤5张，不合格
大组织切片：
N≤2张，不合格","/","≤10张","/"
"721","RSPL2026008","LK291","OncoScreen®Plus组织版","/","到样后反馈","暂存等通知","/","SSP未生效"
"722","RSPL2026008","LK167","燃石朗清®血浆版","/","到样后反馈","暂存等通知","/","SSP未生效"
"723","RSPL2026008","LK311","OncoCompass®Plus血浆版","/","到样后反馈","暂存等通知","/","SSP未生效"
"724","RSPL2026008","LK183","燃小安®","/","到样后反馈","暂存等通知","/","SSP未生效"
"725","RSPM2026023","LK194","燃石朗清®Pro血浆版UMI","/","全血：
2ml＜M＜6ml，警戒
M≤2ml，不合格
N＞1管，不合格","/","1管","/"
"726","RSPL2021006","LK291","OncoScreen®Plus组织版","/","一、切片
二、暂存要求：2℃-8℃","/","/","无SSP"
"727","RSPL2021006","LK292","OncoCompass®Plus血浆版","/","/","/","/","无SSP"
"728","RSPM2026035","LK170","燃石朗清®组织版","/","一、切片（N含HE片）
N含空白玻片或HE片，反馈并暂停
N＞10张，合格需反馈
小组织切片：
5张＜N＜8张，警戒
N≤5张，不合格
大组织切片：
N≤2张，不合格
二、温控要求：6℃~30℃","暂存等通知","≤10张","/"
"729","RSPM2026035","LK167","燃石朗清®血浆版","/","一、全血/脑脊液：
2ml＜M＜6ml，警戒
M≤2ml，不合格
二、温控要求：6℃~30℃","/","/","/"
"730","RSPM2026039","LK167","燃石朗清®血浆版","/","到样后反馈","暂存等通知","/","SSP未生效"
"731","RSPM2026040","LK291","OncoScreen®Plus组织版","/","到样后反馈","暂存等通知","/","SSP未生效"
"732","RSPM2026040","LK292","OncoCompass®Plus血浆版","/","到样后反馈","暂存等通知","/","SSP未生效"
"733","RSPL2026010","LK050","病理评估","/","接收后暂存","暂存等通知","/","无SSP"
"734","RSPM2026042","LK264","燃石朗克®CDx组织版","/","一、切片（N含HE片）
N≠7张，不合格
二、温控要求：6℃~30℃","/","7张","/"
"735","RSPM2026042","LK194","燃石朗清®Pro血浆版UMI","/","一、全血/血浆
二、温控要求
全血：6℃~30℃
血浆：干冰","1、全血：路径b
2、血浆：暂存等通知","/","/"
"736","RSPM2026044","LK524","OncoScreen®WES定制版","/","一、切片（N含HE片）
N＞10张，不合格
N=0张，不合格
二、血浆/白细胞/DNA","暂存等通知","≤10张","/"
"737","RSPM2026044","LK291","OncoScreen®Plus组织版","/","一、切片（N含HE片）
N＞10张，不合格
N=0张，不合格
二、血浆/白细胞/DNA","暂存等通知","≤10张","/"
"738","RSPM2026044","LK050","病理评估","/","切片（N含HE片）
N＞10张，不合格
N=0张，不合格","暂存等通知","≤10张","/"
"739","RSPM2026044","LK091","RNA提取","/","切片（N含HE片）
N＞10张，不合格
N=0张，不合格","暂存等通知","≤10张","/"
"740","RSPM2026044","LK292","OncoCompass®Plus血浆版","/","血浆/白细胞/DNA","暂存等通知","/","/"
"741","RSPM2026022","LK531","燃卫宁®DNA","/","一、切片：
N＞10张，合格需反馈
小组织切片：
5张＜N＜8张，警戒
N≤5张，不合格
大组织切片：
N≤2张，不合格
二、组织样本共用要求：LK531和LK533需共提，其中一单暂停，另一单同时暂停
三、骨髓
M＞3ml/管，不合格
四、温控要求：
切片：5℃~25℃
骨髓：2℃~8℃","1、切片：暂存等通知
2、骨髓：路径b","≤10张","/"
"742","RSPM2026022","LK533","燃卫宁®RNA","/","一、切片：
N＞10张，合格需反馈
小组织切片：
5张＜N＜8张，警戒
N≤5张，不合格
大组织切片：
N≤2张，不合格
二、组织样本共用要求：LK531和LK533需共提，其中一单暂停，另一单同时暂停
三、骨髓
M＞3ml/管，不合格
四、温控要求：
切片：5℃~25℃
骨髓：2℃~8℃","1、切片：暂存等通知
2、骨髓：路径b","≤10张","/"
"743","RSPM2026022","LK532","燃卫宁®DNA配对","/","一、口腔拭子：
管内无保存液或T＞30d，不合格
二、温控要求：2℃~8℃","/","/","/"
"744","RSPM2026022","LK292","OncoCompass®Plus血浆版","/","一、全血：
二、温控要求：5℃~25℃","/","/","/"
"745","RSPL2026009","LK183","燃小安®","/","接收后暂存","暂存等通知","/","无SSP"
"746","RSPS2026002","LK262","燃石朗克®CDx组织版","/","切片（N含HE片）：
N＞10张，合格需反馈
小组织切片：
5张＜N＜8张，警戒
N≤5张，不合格
大组织切片：
N≤2张，不合格","/","≤10张","/"
"747","RSPS2026002","LK167","燃石朗清®血浆版","/","一、全血
二、温控要求：15℃~25℃","/","/","/"
"748","RSPM2025089","LK306","OncoCompass®Plus血浆版UMI","1、由实验室贴M码
2、申请单研究编号为D7270C0000","一、全血：
采血管上无任何标记（E-code和Accession No.），不合格
访视节点PRESCREENING 和SCREENING仅送检1管血，不合格
其他访视节点送检＞1管血，不合格
二、样本如有以下情况，反馈并暂停：
（1）样本上受试者筛选号（E-code）和样本标记信息（Accession No.）两者任一缺少
（2）采血管类型非streck
（3）访视节点PRESCREENING 和SCREENING：无配对WBC
三、申请单审核如有以下情况，反馈并暂停：
（1）样本随附申请单非原件
（2）申请单字迹模糊无法识别
（3）访视节点PRESCREENING 和SCREENING：“否”出报告
（4）其他访视节点：“是”出报告","1、访视节点PRESCREENING 和SCREENING：路径a
2、其他访视节点：路径b","1、访视节点PRESCREENING 和SCREENING：2管
2、其他访视节点：1管","/"
"749","RSPM2025089","LK308","OncoScreen®Plus组织升级版","1、由实验室贴M码
2、申请单研究编号为D7270C0000","一、切片（N含HE片）：
N含空白玻片或HE片，反馈并暂停
N＞15张，合格需反馈
小组织切片：
5张＜N＜8张，警戒，暂停流转
N≤5张，不合格
大组织切片：
N≤2张，不合格
二、组织样本共用要求：
（1）访视节点SCREENING：LK308与LK340共提
（2）访视节点On-treatment：L340单提
（3）访视节点PD：LK308单提
三、样本上受试者筛选号（E-code）和样本标记信息（AccessionNo.）两者任一缺少，反馈并暂停
四、申请单审核如有以下情况，反馈并暂停：
（1）样本随附申请单非原件
（2）申请单字迹模糊无法识别","暂存等通知","≤15张","/"
"750","RSPM2025089","LK340","捕获转录组测序(Capture-WTS)","1、由实验室贴M码
2、申请单研究编号为D7270C0000","一、切片（N含HE片）：
N含空白玻片或HE片，反馈并暂停
N＞15张，合格需反馈
小组织切片：
5张＜N＜8张，警戒，暂停流转
N≤ 5张，不合格
大组织切片：
N≤ 2张，不合格
二、组织样本共用要求：
（1）访视节点SCREENING：LK308与LK340共提
（2）访视节点On-treatment：L340单提
（3）访视节点PD：LK308单提
三、样本上受试者筛选号（E-code）和样本标记信息（Accession No.）两者任一缺少，反馈并暂停
四、申请单审核如有以下情况，反馈并暂停：
（1）样本随附申请单非原件
（2）申请单字迹模糊无法识别","暂存等通知","≤15张","/"
"751","RSPM2026043","LK308","OncoScreen®Plus组织升级版","/","切片：
N＞10张，合格需反馈
小组织切片：
5张＜N＜8张，警戒
N≤5张，不合格
大组织切片：
N≤2张，不合格","暂存等通知","≤10张","/"
"752","RSPM2026043","LK292","OncoCompass®Plus血浆版","/","全血：
N＞1管，合格需反馈
2ml＜M＜6ml，警戒
M≤2ml，不合格","/","1管","/"
"753","RSPM2026046","LK309","OncoScreen®Plus组织版","/","一、切片（N含HE片）：
N＞10张，合格需反馈
小组织切片：
5张＜N＜8张，警戒
N≤5张，不合格
大组织切片：
N≤2张，不合格
二、温控要求：10℃~30℃","/","≤10张","/"
"754","RSPM2026046","LK311","OncoCompass®Plus血浆版","/","一、全血：
N＞1管，不合格
二、温控要求：10℃~30℃","/","1管","/"
"755","RSPM2026047","LK194","燃石朗清®Pro血浆版UMI","/","全血：
2ml＜M＜6ml，警戒
M≤2ml，不合格","/","/","/"
"756","RSPM2026048","LK101","燃石朗克®组织版","/","到样后反馈","暂存等通知","/","SSP未生效"
"757","RSPM2026009","LK291","OncoScreen®Plus组织版","1、由实验室贴M码
2、组织切片贴2个M码，全血贴1个M码","一、切片（N含HE片）
N＞10张，合格需反馈
小组织切片：
5张＜N＜8张，警戒
N≤5张，不合格
大组织切片：
N≤2张，不合格
二、组织样本共用要求：LK291与LK340共用样本，其中一单暂停，另一单同时暂停
三、全血
四、温控要求：15℃~25℃","/","≤10张","/"
"758","RSPM2026009","LK340","捕获转录组测序(Capture-WTS)","1、由实验室贴M码
2、组织切片贴2个M码，全血贴1个M码","一、切片（N含HE片）
N＞10张，合格需反馈
小组织切片：
5张＜N＜8张，警戒
N≤5张，不合格
大组织切片：
N≤2张，不合格
二、组织样本共用要求：LK291与LK340共用样本，其中一单暂停，另一单同时暂停
三、温控要求：15℃~25℃","/","≤10张","/"
"759","RSPM2026009","LK292","OncoCompass®Plus血浆版","由实验室贴M码","一、全血
二、温控要求：15℃~25℃","/","","/"
"760","RSPM2026018","LK308","OncoScreen®Plus组织升级版","/","切片
N＞15张，合格需反馈
小组织切片：
5张＜N＜8张，警戒
N≤5张，不合格
大组织切片：
N≤2张，不合格","暂存等通知","≤15张","/"
"761","RSPM2026018","LK292","OncoCompass®Plus血浆版","/","全血
N＞1管，合格需反馈
2ml＜M＜6ml，警戒
M≤2ml，不合格","/","1管","/"
"762","RSPS2026003","LK262","燃石朗克®CDx组织版","/","到样后反馈","暂存等通知","/","SSP未生效"
"763","RSPM2023062","LK306","OncoCompass®Plus血浆版UMI","/","血浆/白细胞","暂存等通知","/","/"
"764","RSPM2026037","LK524","OncoScreen®WES定制版","/","一、切片（N含HE片）：
N＞10张，合格需反馈
小组织切片：
5张＜N＜8张，警戒
N≤5张，不合格
大组织切片：
N≤2张，不合格
二、组织样本共用情况：
1、送检肿瘤组织：LK524与LK340共用样本，其中一单暂停，另一单需同时暂停
2、送检癌旁组织：仅检测LK524","暂存等通知","≤10张","/"
"765","RSPM2026037","LK340","捕获转录组测序(Capture-WTS)","/","一、切片（N含HE片）：
N＞10张，合格需反馈
小组织切片：
5张＜N＜8张，警戒
N≤5张，不合格
大组织切片：
N≤2张，不合格
二、组织样本共用情况：
1、送检肿瘤组织：LK524与LK340共用样本，其中一单暂停，另一单需同时暂停
2、送检癌旁组织：仅检测LK524","暂存等通知","≤10张","/"
"766","RSPM2026045","LK194","燃石朗清®Pro血浆版UMI","/","到样后反馈","暂存等通知","/","SSP未生效"
"767","RSPM2026045","LK167","燃石朗清®血浆版","/","到样后反馈","暂存等通知","/","SSP未生效"
"768","RSPM2026045","LK291","OncoScreen®Plus组织版","/","到样后反馈","暂存等通知","/","SSP未生效"
"769","RSPM2026045","LK032","IHC/FISH定制版","/","到样后反馈","暂存等通知","/","SSP未生效"
"770","RSPM2026053","LK291","OncoScreen®Plus组织版","/","到样后反馈","暂存等通知","/","SSP未生效"
"771","RSPM2026050","LK361","PD-L1(22c3)","/","一、切片：
N＞3张，合格需反馈
N＜2张，不合格
二、暂存要求：2℃~8℃","/","≤3张","/"
"772","RSPM2026056","LK291","OncoScreen®Plus组织版","/","到样后反馈","暂存等通知","/","SSP未生效"
"773","RSPM2026056","LK292","OncoCompass®Plus血浆版","/","到样后反馈","暂存等通知","/","SSP未生效"
"774","RSPM2026057","LK291","OncoScreen®Plus组织版","/","到样后反馈","暂存等通知","/","SSP未生效"
"775","RSPM2026057","LK340","捕获转录组测序(Capture-WTS)","/","到样后反馈","暂存等通知","/","SSP未生效"
"776","RSPM2026057","LK292","OncoCompass®Plus血浆版","/","到样后反馈","暂存等通知","/","SSP未生效"
"777","RSPM2026059","LK291","OncoScreen®Plus组织版","/","到样后反馈","暂存等通知","/","SSP未生效"
"778","RSPM2026059","LK091","RNA提取","/","到样后反馈","暂存等通知","/","SSP未生效"
"779","RSPM2026059","LK292","OncoCompass®Plus血浆版","/","到样后反馈","暂存等通知","/","SSP未生效"
"780","RSPM2026060","LK194","燃石朗清®Pro血浆版UMI","/","血浆/DNA","暂存等通知","/","/"
"781","RSPM2026051","LK309","OncoScreen®Plus组织版","/","一、切片（N含HE片）：
N含空白玻片或HE片，反馈并暂停
小组织切片：
5张＜N＜8张，警戒
N≤5张，不合格
大组织切片：
N≤2张，不合格
二、蜡块","/","1、小组织样本：≥8张
2、大组织样本：＞2张","/"
"782","RACRC25","LK296","OncoScreen®PlusCDx组织版","/","按照药企样本审核标准处理，注意非同步流转组织核酸","/","/","无SSP"
"783","RSPS2026005","LK101","燃石朗克®组织版","/","到样后反馈","暂存等通知","/","SSP未生效"
"784","RSPL2026013","LK291","OncoScreen®Plus组织版","/","到样后反馈","暂存等通知","/","SSP未生效"
"785","RSPL2026013","LK601","OncoRNA","/","到样后反馈","暂存等通知","/","SSP未生效"
"786","RSPL2026013","LK521","OncoScreen®WES","/","到样后反馈","暂存等通知","/","SSP未生效"
"787","RSPL2026013","LK522","朗微®-MRD","/","到样后反馈","暂存等通知","/","SSP未生效"
"788","RSPL2026013","LK167","燃石朗清®血浆版","/","到样后反馈","暂存等通知","/","SSP未生效"
"789","RSPL2026013","LK311","OncoCompass®Plus血浆版","/","到样后反馈","暂存等通知","/","SSP未生效"
"790","RSPL2026013","LK183","燃小安®","/","到样后反馈","暂存等通知","/","SSP未生效"
"791","RSPM2026049","LK167","燃石朗清®血浆版","/","到样后反馈","暂存等通知","/","SSP未生效"
"792","RSPM2026049","LK170","燃石朗清®组织版","/","到样后反馈","暂存等通知","/","SSP未生效"
"793","RSPM2026061","LK528","OncoScreen®WES遗传版","/","一、全血：
M＜0.2ml，不合格
N＞1管，不合格
二、温控要求：6℃~30℃或-65℃~-90℃","/","/","/"
